Time,Corr Speed,Math Brake Pres Total,Alias Throttle Pos,Alias Steering Wheel Angle,Math G Force Combined
s,km/h,bar,%,deg,G
,,,,,
,,,,,
0,230.34,0.177,98.8,0.62,0.21
0.05,230.73,0.074,98.6,0.76,0.22
0.1,231.06,0.125,98.6,0.7,0.21
0.15,231.39,0.207,98.6,0.58,0.2
0.2,231.9,0.038,98.6,0.4,0.2
0.25,232.23,0.039,98.7,0.32,0.21
0.3,232.68,0.056,98.6,0.2,0.22
0.35,233.58,0.063,98.6,0.12,0.21
0.4,233.34,0.152,98.6,-0.04,0.18
0.45,234.21,0.127,98.6,-0.1,0.18
0.5,234.3,0.091,98.6,-0.06,0.21
0.55,235.02,0.17,98.6,0.04,0.2
0.6,235.02,0.187,98.6,0.14,0.19
0.65,235.8,0.071,98.5,0.2,0.21
0.7,235.62,0.059,98.6,0.2,0.21
0.75,236.34,0.017,98.6,0.28,0.2
0.8,237.3,0.069,98.4,0.28,0.19
0.85,237.09,0.074,98.6,0.1,0.2
0.9,237.66,0.101,98.6,0.14,0.19
0.95,238.2,0.243,98.6,0.24,0.2
1,238.44,0.214,98.6,0.22,0.19
1.05,238.71,0.107,98.5,0.02,0.17
1.1,239.16,0.053,98.4,-0.06,0.18
1.15,239.4,0.077,98.6,-0.04,0.19
1.2,239.82,0.005,98.4,-0.02,0.19
1.25,240.12,0.005,98.6,0.14,0.18
1.3,240.42,0.065,98.6,0.2,0.17
1.35,240.57,0.133,98.6,0.32,0.17
1.4,241.02,0.122,98.6,0.58,0.19
1.45,241.71,0.109,98.6,0.62,0.18
1.5,242.16,0.062,98.6,0.46,0.18
1.55,242.28,0.129,98.6,0.4,0.2
1.6,242.82,0.156,98.6,0.4,0.19
1.65,243.27,0.096,98.5,0.44,0.18
1.7,243.78,0.098,98.6,0.46,0.19
1.75,243.84,0.117,98.6,0.32,0.17
1.8,243.96,0.038,98.4,0.32,0.15
1.85,244.47,0.099,98.5,0.62,0.18
1.9,244.68,0.206,98.6,0.96,0.18
1.95,245.31,0.165,98.5,1.12,0.17
2,245.46,0.18,98.6,0.92,0.17
2.05,245.82,0.11,98.6,0.68,0.15
2.1,246.42,0.147,98.6,0.46,0.14
2.15,246.66,0.218,98.6,0.44,0.18
2.2,246.78,0.051,98.4,0.54,0.18
2.25,247.35,0.17,98.5,0.6,0.16
2.3,247.62,0.221,98.6,0.6,0.16
2.35,247.53,0.147,98.6,0.52,0.16
2.4,247.8,0.14,98.6,0.36,0.16
2.45,248.76,0.131,98.5,0.3,0.16
2.5,249,0.171,98.6,0.22,0.15
2.55,249.3,0.412,98.5,0.26,0.17
2.6,249.66,0.274,98.4,0.5,0.18
2.65,249.57,0.053,98.6,0.5,0.14
2.7,250.26,0.013,98.6,0.58,0.15
2.75,250.44,0.017,98.6,0.54,0.17
2.8,250.26,0.037,98.6,0.38,0.15
2.85,251.34,0.257,98.5,0.5,0.15
2.9,251.76,0.311,98.6,0.42,0.15
2.95,251.64,0.007,98.5,0.26,0.14
3,252.12,0.15,98.6,0.24,0.17
3.05,252.36,0.216,98.6,0.26,0.17
3.1,252.42,0.012,98.6,0.24,0.14
3.15,253.41,0.02,98.6,0.26,0.13
3.2,253.32,0.025,98.6,0.16,0.05
3.25,253.41,0.033,98.6,0.14,0.03
3.3,253.44,0.002,98.6,0.12,0.1
3.35,253.32,0.005,98.6,0,0.13
3.4,253.8,0.003,98.6,0.2,0.14
3.45,253.8,0.002,98.6,0.5,0.13
3.5,253.8,0.043,98.6,0.5,0.12
3.55,254.58,0.182,98.6,0.54,0.13
3.6,255.12,0.207,98.6,0.4,0.13
3.65,254.91,0.108,98.6,0.02,0.11
3.7,255.3,0.216,98.6,-0.06,0.12
3.75,255.33,0.246,98.5,0,0.12
3.8,255.24,0.128,98.6,0.04,0.11
3.85,255.84,0.005,98.5,0.22,0.12
3.9,256.5,0.007,98.6,0.32,0.12
3.95,256.41,0.078,98.5,0.24,0.1
4,256.62,0.108,98.6,0.38,0.1
4.05,256.86,0.036,98.5,0.5,0.12
4.1,257.22,0.056,98.4,0.5,0.11
4.15,257.52,0.099,98.4,0.62,0.1
4.2,257.88,0.276,98.4,0.68,0.12
4.25,257.91,0.212,98.5,0.62,0.11
4.3,257.82,0.081,98.4,0.88,0.09
4.35,258.57,0.1,98.4,0.92,0.11
4.4,258.84,0.099,98.4,0.72,0.12
4.45,258.6,0.126,98.4,0.56,0.09
4.5,259.38,0.002,98.4,0.62,0.11
4.55,259.05,0.025,98.4,0.64,0.11
4.6,258.78,0.085,98.4,0.32,0.1
4.65,259.74,0.078,98.4,0.32,0.11
4.7,260.04,0.048,98.4,0.3,0.09
4.75,259.77,0.072,98.4,-0.04,0.06
4.8,260.16,0.06,98.4,-0.02,0.09
4.85,260.34,0.152,98.4,0.22,0.12
4.9,260.88,0.093,98.4,0.44,0.08
4.95,261.24,0,98.4,0.54,0.08
5,261.3,0.11,98.4,0.44,0.11
5.05,260.97,0.225,98.4,0.16,0.09
5.1,261.18,0.162,98.4,0.26,0.09
5.15,262.02,0.192,98.4,0.58,0.1
5.2,261.96,0.236,98.4,0.62,0.08
5.25,262.26,0.177,98.4,0.5,0.08
5.3,262.56,0.07,98.4,0.54,0.09
5.35,262.5,0.164,98.4,0.64,0.07
5.4,263.4,0.189,98.4,0.66,0.07
5.45,263.34,0.092,98.4,0.56,0.09
5.5,263.04,0.033,98.4,0.62,0.07
5.55,263.4,0.047,98.4,0.88,0.07
5.6,263.94,0.099,98.4,0.96,0.09
5.65,263.97,0.216,98.4,0.9,0.08
5.7,264.48,0.146,98.4,0.86,0.08
5.75,264.3,0.155,98.4,0.56,0.08
5.8,264,0.231,98.4,0.32,0.08
5.85,264.6,0.212,98.4,0.5,0.1
5.9,264.78,0.167,98.4,0.38,0.09
5.95,265.14,0.057,98.4,0.16,0.08
6,264.96,0,98.4,0.22,0.08
6.05,265.26,0.086,98.4,0.4,0.07
6.1,266.04,0.249,98.4,0.24,0.07
6.15,266.13,0.192,98.4,0,0.08
6.2,265.8,0.022,98.4,0.16,0.05
6.25,266.19,0.022,98.4,0.4,0.06
6.3,266.88,0.026,98.4,0.36,0.1
6.35,266.64,0.065,98.4,0.3,0.08
6.4,266.7,0.095,98.4,0.38,0.06
6.45,267.51,0.101,98.5,0.46,0.1
6.5,267.66,0.217,98.4,0.24,0.1
6.55,267.48,0.141,98.5,0.12,0.06
6.6,267.96,0.054,98.4,0.38,0.08
6.65,268.17,0.002,98.4,0.54,0.09
6.7,268.26,0.029,98.4,0.56,0.07
6.75,268.65,0.041,98.4,0.5,0.06
6.8,268.8,0.005,98.4,0.5,0.06
6.85,268.8,0.053,98.4,0.46,0.06
6.9,269.22,0.075,98.4,0.36,0.08
6.95,269.46,0.058,98.4,0.3,0.08
7,269.52,0.099,98.4,0.34,0.05
7.05,269.55,0.032,98.4,0.52,0.06
7.1,270.18,0.069,98.4,0.62,0.09
7.15,269.97,0.074,98.4,0.5,0.07
7.2,270.36,0.029,98.4,0.54,0.05
7.25,270.63,0.185,98.4,0.52,0.07
7.3,270.54,0.221,98.4,0.36,0.06
7.35,271.02,0.089,98.4,0.26,0.06
7.4,270.96,0.249,98.4,0.32,0.05
7.45,270.99,0.196,98.4,0.46,0.03
7.5,271.68,0.026,98.4,0.36,0.06
7.55,271.77,0.111,98.4,0.26,0.07
7.6,271.32,0.21,98.4,0.32,0.03
7.65,272.46,0.146,98.4,0.54,0.05
7.7,272.22,0.197,98.4,0.44,0.07
7.75,272.01,0.201,98.4,0.28,0.05
7.8,273.12,0.144,98.4,0.44,0.05
7.85,273.09,0.128,98.4,0.34,0.06
7.9,272.58,0.133,98.4,0.18,0.05
7.95,273.54,0.035,98.4,0.42,0.08
8,273.54,0.173,98.4,0.48,0.07
8.05,273.21,0.257,98.4,0.38,0.02
8.1,273.84,0.257,98.4,0.5,0.07
8.15,273.21,0.383,98.4,0.46,0.08
8.2,273.9,0.005,98.2,0.36,0.05
8.25,274.44,0.005,98.4,0.18,0.08
8.3,273.6,0.003,98.4,0.04,0.07
8.35,274.74,0,98.4,0.06,0.05
8.4,274.98,0.184,98.4,-0.04,0.05
8.45,274.17,0.29,98.4,0.06,0.03
8.5,275.76,0.061,98.4,0.38,0.07
8.55,275.55,0.084,98.4,0.58,0.05
8.6,275.42,0.036,98.4,0.66,0.01
8.65,275.7,0.124,98.4,0.52,0.09
8.7,275.94,0.32,98.4,0.24,0.08
8.75,275.49,0.297,98.4,-0.04,0.02
8.8,276,0.196,98.6,0.02,0.03
8.85,275.85,0.184,98.4,0.12,0.07
8.9,276.12,0.185,98.4,0.04,0.03
8.95,276.69,1.201,98.6,0.14,0.04
9,276.18,2.163,98.6,0.12,0.02
9.05,276.75,0.726,98.4,-0.04,0.03
9.1,277.2,0.788,98.4,-0.06,0.07
9.15,276.78,0.99,98.6,0,0.04
9.2,277.38,0.036,98.6,-0.08,0.03
9.25,277.71,0,98.6,-0.2,0.09
9.3,276.96,0.078,98.6,-0.2,0.08
9.35,277.95,0.663,98.6,-0.16,0.05
9.4,277.74,1.085,98.8,-0.14,0.05
9.45,277.38,0.401,98.6,-0.12,0.05
9.5,278.52,0.367,98.6,0,0.06
9.55,278.28,1.52,98.6,0.04,0.05
9.6,277.81,1.719,98.6,0.18,0.04
9.65,278.34,0.391,98.7,0.42,0.05
9.7,278.7,0.006,98.6,0.44,0.08
9.75,278.46,1.294,98.4,0.12,0.06
9.8,279.3,17.893,64.4,-0.04,0.07
9.85,277.96,54.82,2.7,-0.14,0.23
9.9,277.14,92.024,2.6,-0.2,1.06
9.95,274.17,120.487,2.7,0.2,2.06
10,269.81,131.239,3,0.76,2.79
10.05,264.49,132.529,2.8,0.98,3.08
10.1,259.13,129.146,3.2,1.32,3.11
10.15,253.64,125.321,2.8,1.2,3.05
10.2,248.38,122.751,2.6,1.16,2.97
10.25,243.18,120.364,2.8,1.02,2.9
10.3,238.12,121.008,2.8,1.06,2.84
10.35,233.15,121.137,2.8,1.1,2.82
10.4,228.14,122.854,2.8,0.8,2.8
10.45,223.24,123.711,2.9,0.48,2.8
10.5,218.31,122.629,2.6,-0.08,2.82
10.55,213.24,121.388,2.8,-0.2,2.79
10.6,208.48,119.019,2.8,-0.24,2.74
10.65,203.59,113.484,2.8,-0.26,2.67
10.7,199.05,104.496,2.6,-0.16,2.58
10.75,194.53,98.735,2.6,-0.14,2.56
10.8,189.96,96.083,2.6,-0.16,2.41
10.85,185.99,94.735,2.7,-0.22,2.28
10.9,181.98,95.545,2.8,-0.96,2.32
10.95,177.75,95.555,2.7,-4.2,2.34
11,173.84,92.472,2.8,-8.4,2.3
11.05,169.84,87.047,2.8,-8.22,2.26
11.1,166.08,81.633,2.8,-6.88,2.18
11.15,163.27,74.793,2.8,-10.46,2.09
11.2,159.79,65.755,2.8,-17,1.98
11.25,158.61,52.617,2.8,-18.86,1.83
11.3,156.3,39.86,3,-18.280001,1.7
11.35,154.83,27.235,3,-18.700001,1.56
11.4,153.55,19.722,3,-19.120001,1.47
11.45,152.19,16.772,3,-24.22,1.48
11.5,151.14,14.753,3,-31.299999,1.54
11.55,150.63,12.721,3.1,-35.02,1.62
11.6,149.86,9.706,3.4,-33.68,1.69
11.65,149.05,5.875,3.4,-30.439999,1.74
11.7,148.44,3.159,3.4,-29.6,1.79
11.75,148.07,3.89,3.6,-31.9,1.85
11.8,147.42,3.303,3.6,-35.64,1.92
11.85,146.78,3.458,3.6,-44.5,1.99
11.9,146.11,6.12,3.4,-56.46,2.06
11.95,145.39,9.867,3.4,-57.08,2.14
12,144.49,11.766,3.6,-50.419999,2.21
12.05,143.73,12.012,3.4,-45.32,2.27
12.1,143.35,11.407,3.4,-43.36,2.31
12.15,142.33,9.655,3.5,-49.279999,2.35
12.2,141.29,7.535,3.6,-60.979999,2.38
12.25,140.29,6.246,3.5,-69.259998,2.4
12.3,139.37,5.062,3.6,-73.419998,2.41
12.35,138.49,4.613,3.4,-75.079999,2.42
12.4,137.61,5.15,3.2,-76.180003,2.42
12.45,136.75,4.767,3.4,-77.56,2.42
12.5,135.87,4.155,3.6,-78.419999,2.41
12.55,135.03,2.791,3.6,-79.180002,2.39
12.6,134.23,1.081,3.8,-79.679999,2.37
12.65,133.47,0.677,3.8,-80.359998,2.35
12.7,132.78,0.652,3.4,-81.16,2.32
12.75,132.05,0.719,5.2,-81.74,2.31
12.8,131.3,0.331,7,-83.14,2.29
12.85,130.57,0.238,10.8,-83.599999,2.26
12.9,129.92,0.352,22.8,-83.499999,2.24
12.95,129.32,0.198,42.4,-85.08,2.21
13,129.3,0.384,51,-87.44,2.19
13.05,129.3,0.204,73.5,-86.660001,2.18
13.1,130.5,0.164,91.8,-82.739999,2.17
13.15,130.41,0.183,98.1,-75.82,2.17
13.2,130.44,0.184,98.6,-65.640002,2.16
13.25,132.3,0.264,98.6,-57.040002,2.15
13.3,133.14,0.225,99,-52.080001,2.14
13.35,133.38,0.082,99.2,-51.699999,2.11
13.4,134.34,0.123,99.2,-53.179998,2.1
13.45,135.15,0.084,99.3,-55.219999,2.08
13.5,135.24,0.348,99.4,-53.539999,2.05
13.55,135.75,0.497,99.4,-39.839999,2.02
13.6,136.62,0.294,99.2,-21.14,1.99
13.65,136.98,0.094,99.3,-14.080001,1.95
13.7,137.58,0.033,99.2,-16.5,1.89
13.75,137.82,0.002,99.2,-24.38,1.82
13.8,138.54,0.005,99.2,-28.04,1.74
13.85,139.92,0.003,99.2,-25.56,1.64
13.9,140.88,0.022,99,-22.880001,1.52
13.95,141.51,0.157,98.8,-18.56,1.37
14,142.44,0.5,98.8,-10.640001,1.19
14.05,142.86,1.177,98.7,2.7,0.99
14.1,143.22,1.789,98.6,20.8,0.77
14.15,144.42,1.983,98.6,37.780001,0.55
14.2,145.86,2.43,98.4,46.460001,0.43
14.25,147.15,2.635,98.1,43.9,0.54
14.3,147.66,2.414,97.2,42.920001,0.78
14.35,148.11,2.108,93.9,43.700001,1.04
14.4,149.1,1.677,90.4,43.9,1.29
14.45,149.73,1.786,84.1,44.519999,1.52
14.5,150,2.41,83.6,45.2,1.7
14.55,150.84,2.734,80.3,45.899999,1.86
14.6,151.8,2.486,78.8,46.9,2
14.65,152.22,2.023,78.3,48.06,2.1
14.7,152.82,1.891,79.6,49.019999,2.17
14.75,153.72,1.81,79.8,49.28,2.23
14.8,153.18,1.185,82,48.879999,2.26
14.85,153.78,0.517,85.6,47.939999,2.28
14.9,154.26,0.028,92,48.379999,2.29
14.95,155.22,0.131,97.7,49.32,2.29
15,156.06,0.237,98.2,49.200001,2.29
15.05,156.66,0.693,98.4,48.6,2.28
15.1,157.74,0.939,98.2,47.379999,2.27
15.15,158.13,0.529,97.5,46.099999,2.27
15.2,158.1,0.628,94.2,43.22,2.27
15.25,159.24,0.248,90.4,37.02,2.27
15.3,159.9,0.792,95,31.659999,2.28
15.35,159.9,1.008,97.7,34.819999,2.28
15.4,160.74,0.439,98.2,38.799999,2.29
15.45,161.91,0.298,98.2,38.559998,2.3
15.5,161.94,0.01,98.4,39.939998,2.3
15.55,162.48,0.258,98.4,41.319999,2.31
15.6,163.5,0.382,98.6,41.300001,2.32
15.65,163.8,0.102,98.6,40.32,2.33
15.7,164.82,0.27,98.6,36.78,2.34
15.75,165.63,0.345,98.6,30.800001,2.34
15.8,165.48,0.306,98.6,27.5,2.34
15.85,165.54,0.178,98.6,28.66,2.34
15.9,166.5,0.163,98.8,32.080001,2.34
15.95,167.16,0.087,98.8,37.16,2.33
16,166.92,0.058,98.8,40.04,2.31
16.05,167.55,0.087,98.8,33.520001,2.3
16.1,168.42,0.002,98.8,25.3,2.28
16.15,168.78,0.013,98.7,28.08,2.26
16.2,169.74,0.025,98.6,34.88,2.23
16.25,170.22,0.055,98.7,35.88,2.2
16.3,170.82,0.062,98.6,33.499999,2.17
16.35,171.96,0.019,98.7,29.6,2.13
16.4,172.38,0.026,98.4,25.12,2.08
16.45,172.35,0.087,98.6,19.599999,2.01
16.5,173.64,0.234,98.4,10.9,1.94
16.55,174.51,0.188,98.5,8.78,1.83
16.6,174.3,0.039,98.6,11.52,1.69
16.65,174.84,0.058,98.5,10.38,1.52
16.7,176.04,0.089,98.6,5.74,1.32
16.75,176.19,0.003,98.4,-0.38,1.07
16.8,177.06,0.18,98.6,-6.8,0.82
16.85,177.84,0.548,98.4,-11.52,0.58
16.9,178.62,0.513,98.4,-18.019999,0.43
16.95,179.91,0.148,98.4,-24.759999,0.5
17,180.78,0.26,98.4,-31.979998,0.71
17.05,181.38,0.721,98.4,-35.399999,0.98
17.1,182.22,0.922,98.4,-36.219999,1.26
17.15,182.22,0.81,98.4,-38.699998,1.51
17.2,182.82,0.35,98.2,-44.4,1.73
17.25,183.39,0.097,98,-47.3,1.92
17.3,183.66,0.356,98,-46.679999,2.05
17.35,183.83,0.527,98.2,-43.02,2.17
17.4,183.6,0.005,98.2,-37.079999,2.27
17.45,183.87,0.219,98.2,-31.7,2.35
17.5,184.86,0.578,98.2,-31.179999,2.41
17.55,185.31,0.467,98.2,-39.159999,2.44
17.6,184.8,0.131,98.2,-48.619999,2.46
17.65,184.95,0.007,97.9,-49.12,2.47
17.7,186.36,0.09,97.8,-44.279999,2.48
17.75,186.63,0.164,97.9,-41.419999,2.48
17.8,186.96,0.123,97,-42.32,2.48
17.85,187.08,0.129,87,-46.579999,2.48
17.9,186.84,0.151,70.4,-50.56,2.48
17.95,187.11,0.233,69.3,-50.520001,2.47
18,187.62,0.259,70.4,-48.92,2.46
18.05,187.32,0.442,72.4,-48.899999,2.46
18.1,187.68,0.452,72.2,-49.54,2.46
18.15,188.07,0.473,73.1,-47.52,2.45
18.2,188.1,0.835,74,-41.52,2.44
18.25,188.88,0.67,75.1,-35.2,2.44
18.3,189.78,0.517,76,-32.92,2.43
18.35,189.69,0.994,75,-38.519999,2.43
18.4,188.82,0.804,71.4,-45.58,2.42
18.45,189.78,0.566,71.1,-39.08,2.42
18.5,190.5,0.467,71,-26.58,2.42
18.55,190.56,0.509,71.3,-28.999999,2.41
18.6,190.92,0.616,68.4,-43.16,2.42
18.65,190.92,0.626,53.7,-53.4,2.42
18.7,190.5,1.033,48,-55.359999,2.42
18.75,190.65,1.365,41.3,-55.22,2.42
18.8,190.86,1.287,40.8,-55.84,2.43
18.85,190.44,1.176,43.8,-54.600001,2.43
18.9,189.81,1.092,46.4,-52.5,2.43
18.95,189.75,1.121,46.9,-50.16,2.43
19,189.72,0.876,48.6,-45.920001,2.42
19.05,189.81,0.795,49.5,-41.36,2.41
19.1,189.66,1.054,50.8,-40.079999,2.4
19.15,190.11,1.084,51.2,-45.96,2.39
19.2,189.84,1.129,50,-54.399999,2.38
19.25,189.36,1.104,47.7,-55.88,2.37
19.3,189.36,1.004,44.4,-55.579999,2.36
19.35,188.76,0.951,44.5,-57.52,2.35
19.4,188.58,1.5,45.4,-58.879998,2.34
19.45,188.61,1.215,46,-60.679997,2.33
19.5,188.64,0.935,46.6,-61.319999,2.33
19.55,188.22,0.674,49.2,-62.48,2.33
19.6,187.98,0.514,50.6,-64.200001,2.32
19.65,187.86,0.28,52.4,-64.100001,2.32
19.7,188.1,0.32,56,-64.400003,2.32
19.75,188.37,0.181,59.5,-65.120001,2.32
19.8,188.4,0.051,71.6,-65.839997,2.32
19.85,188.55,0.058,77.6,-65.139998,2.33
19.9,188.28,0.087,87.2,-64.26,2.33
19.95,189.21,0.002,91.9,-62.86,2.34
20,189.78,0.089,96.4,-62.159999,2.35
20.05,189.6,0.217,97.9,-60.339998,2.36
20.1,189.78,0.178,98.2,-53.259998,2.37
20.15,190.89,0.169,98.3,-41.6,2.38
20.2,191.46,0.224,98.6,-33.979999,2.39
20.25,192,0.185,98.8,-36.239999,2.39
20.3,192,0.233,98.8,-40.219999,2.4
20.35,192.42,0.185,98.9,-39.02,2.4
20.4,193.2,0.163,99,-35.779999,2.41
20.45,193.47,0.326,99.1,-34.46,2.41
20.5,193.8,0.253,99.2,-33.899999,2.4
20.55,194.19,0.354,99.2,-32.399999,2.4
20.6,194.76,0.29,99.2,-29.959999,2.39
20.65,194.91,0.059,99.2,-28.919999,2.38
20.7,195.18,0.021,99.2,-28.479999,2.37
20.75,195.54,0.029,99.2,-27.8,2.36
20.8,196.56,0.139,99.2,-27.54,2.35
20.85,197.04,0.24,99.2,-28.16,2.34
20.9,197.04,0.324,99.2,-29.64,2.33
20.95,197.73,0.527,99.3,-30.839999,2.33
21,198.48,0.305,99.2,-31.08,2.33
21.05,198.63,0.241,99.3,-30.660001,2.34
21.1,199.14,0.089,99.4,-30.38,2.35
21.15,199.32,0.113,99.4,-30.02,2.36
21.2,199.74,0.299,99.2,-28.379999,2.37
21.25,200.25,0.237,99.3,-26.48,2.38
21.3,200.34,0.068,99.4,-26.3,2.39
21.35,201.24,0.117,99.4,-27.919999,2.4
21.4,201.36,0.216,99.2,-29,2.4
21.45,201.69,0.194,99.4,-28.2,2.39
21.5,202.68,0.177,99.4,-25.919999,2.39
21.55,202.77,0.072,99.4,-23.98,2.38
21.6,202.92,0.122,99.2,-23.7,2.37
21.65,203.61,0.321,99.3,-23.800001,2.36
21.7,204.24,0.301,99.4,-23.42,2.34
21.75,204.15,0.199,99.3,-22.66,2.32
21.8,204.84,0.177,99.2,-21.539999,2.3
21.85,205.26,0.145,99.4,-21.86,2.29
21.9,205.38,0.073,99.4,-22.98,2.26
21.95,205.92,0.195,99.4,-22.479999,2.25
22,206.46,0.164,99.2,-21.1,2.23
22.05,207,0.163,99.4,-21.42,2.21
22.1,207.06,0.288,99.4,-21.659999,2.19
22.15,207.63,0.076,99.4,-21.3,2.18
22.2,208.62,0.032,99.4,-20.9,2.16
22.25,208.92,0.067,99.3,-19.78,2.14
22.3,208.92,0.14,99.4,-18.64,2.12
22.35,209.37,0.425,99.4,-18.14,2.11
22.4,209.58,0.419,99.4,-18.68,2.09
22.45,210.3,0.125,99.2,-19.48,2.07
22.5,210.9,0.185,99.2,-18.96,2.06
22.55,211.05,0.003,99.3,-18.44,2.04
22.6,211.68,0,99.2,-19.139999,2.03
22.65,212.43,0.124,99.2,-18.68,2.02
22.7,212.58,0.37,99.2,-17.9,2.01
22.75,212.7,0.29,99.2,-17.34,1.99
22.8,213.78,0.025,99.2,-16.06,1.98
22.85,214.17,0.128,99.2,-15.4,1.96
22.9,213.3,0.185,99.2,-15.4,1.94
22.95,214.23,0.063,99.2,-14.68,1.91
23,214.92,0.092,99.2,-13.159999,1.88
23.05,215.46,0.237,99.2,-12.46,1.84
23.1,216.12,0.437,99.2,-13,1.8
23.15,216.06,0.131,99.2,-13.98,1.76
23.2,216.66,0.089,99.2,-14.1,1.72
23.25,217.17,0.155,99.2,-14.02,1.68
23.3,217.68,0.121,99.2,-13.94,1.65
23.35,218.25,0.209,99.2,-13.8,1.62
23.4,218.28,0.213,99.2,-13.74,1.6
23.45,218.16,0.19,99.1,-14.42,1.58
23.5,219.42,0.098,99,-14.74,1.58
23.55,220.47,0.125,99,-14.5,1.58
23.6,220.86,0.323,99,-14.5,1.59
23.65,220.71,0.258,99,-14.5,1.6
23.7,221.46,0.088,99,-14.26,1.62
23.75,221.46,0.216,99.1,-12.82,1.62
23.8,221.88,0.3,99.2,-10.72,1.6
23.85,221.79,0.142,99.2,-9.56,1.58
23.9,222,0.22,99.2,-8.78,1.56
23.95,222.63,0.105,99.2,-8.32,1.53
24,222.84,0.167,99.2,-7.98,1.48
24.05,223.2,0.203,99.2,-8.1,1.42
24.1,223.38,0.271,99.2,-7.78,1.36
24.15,223.86,0.266,99.2,-7.26,1.3
24.2,225.06,0.135,99,-7.48,1.24
24.25,225,0.238,99.2,-8.18,1.18
24.3,225.6,0.237,99.2,-8.44,1.12
24.35,225.57,0.182,99,-6.84,1.07
24.4,225.54,0.081,99,-4.64,1.02
24.45,226.41,0.086,98.9,-4.36,0.99
24.5,226.5,0.209,98.8,-4.5,0.95
24.55,227.04,0.205,98.9,-4.72,0.9
24.6,227.34,0.058,99,-4.76,0.86
24.65,227.88,0.1,98.9,-6.56,0.83
24.7,227.52,0.047,98.8,-8.66,0.79
24.75,229.2,0.117,98.9,-6.22,0.77
24.8,229.2,0.278,99,-2.06,0.72
24.85,228.84,0.215,99,-1.34,0.67
24.9,229.5,0.059,99,-3.04,0.63
24.95,230.28,0.115,99.1,-3.3,0.61
25,230.16,0.135,99,-2.94,0.55
25.05,230.97,0.074,99.2,-3.14,0.49
25.1,231.18,0.063,99.2,-2.94,0.46
25.15,231.51,0.126,99,-2.96,0.43
25.2,231.66,0.09,99,-2.3,0.39
25.25,232.53,0.198,99,-0.84,0.36
25.3,232.62,0.218,99.2,-0.08,0.31
25.35,232.68,0.005,98.8,-0.24,0.27
25.4,233.58,0.005,98.8,-0.26,0.26
25.45,233.61,0.005,98.8,-0.2,0.24
25.5,234.12,0.029,98.8,-0.2,0.21
25.55,234.57,0.087,98.7,-0.16,0.21
25.6,234.72,0.072,98.6,-0.06,0.2
25.65,235.47,0.086,98.3,0.2,0.19
25.7,235.5,0.131,98.2,0.5,0.18
25.75,236.31,0.005,98.3,0.42,0.2
25.8,237.3,0.127,98.4,0.34,0.22
25.85,236.91,0.342,98.4,0.4,0.23
25.9,237.48,0.234,98.6,0.4,0.23
25.95,237.69,0.004,98.6,0.44,0.23
26,238.14,0.01,98.6,0.54,0.23
26.05,238.47,0.028,98.6,0.68,0.23
26.1,238.98,0.037,98.6,0.8,0.23
26.15,239.31,0.174,98.8,0.8,0.23
26.2,239.52,0.448,98.8,1.24,0.25
26.25,240.03,0.296,99,3.14,0.28
26.3,240.54,0.135,99,4.96,0.29
26.35,240.84,0.202,99,3.62,0.28
26.4,241.2,0.198,98.8,1.34,0.28
26.45,241.41,0.316,98.9,0.68,0.3
26.5,241.68,0.478,99,0.5,0.29
26.55,242.1,0.69,99.2,0.62,0.28
26.6,242.58,0.514,99.2,0.84,0.29
26.65,242.64,10.05,96.1,1.14,0.29
26.7,241.8,34.912,36.6,1.74,0.19
26.75,240.87,68.326,3.6,1.98,0.52
26.8,239.36,104.791,2.8,1.72,1.42
26.85,235.88,127.356,2.8,1.36,2.3
26.9,231.21,132.926,2.8,0.96,2.75
26.95,226.39,129.872,2.7,0.82,2.87
27,221.31,125.484,3.2,0.7,2.96
27.05,216,118.91,2.9,0.46,2.88
27.1,211.12,111.812,2.8,-0.02,2.69
27.15,206.54,109.17,2.8,-0.24,2.55
27.2,202.16,105.618,3,-0.82,2.55
27.25,197.56,102.065,3,-2.08,2.56
27.3,193.05,96.362,3,-2.84,2.44
27.35,188.98,91.781,3,-3.86,2.32
27.4,184.89,87.62,3,-6.1,2.27
27.45,181.02,85.148,3,-7.66,2.25
27.5,177.06,80.551,3,-9.76,2.22
27.55,173.36,71.512,3,-12.98,2.12
27.6,169.98,63.144,3,-13.98,2
27.65,167.69,53.628,3.1,-15.62,1.93
27.7,165.54,45.369,3,-22.08,1.85
27.75,163.56,39.162,3,-29.879999,1.8
27.8,161.47,35.213,3,-32.8,1.84
27.85,159.35,33.368,3,-29.1,1.9
27.9,157.98,28.981,3,-25.66,1.96
27.95,156.33,20.151,3,-24.58,1.99
28,155.64,10.436,3,-26.86,2.01
28.05,154.43,6.516,3,-31.96,2.05
28.1,153.43,4.202,3,-38.299998,2.09
28.15,152.57,3.359,3.1,-40.559999,2.14
28.2,151.77,2.282,3.2,-35.8,2.18
28.25,151.02,1.135,3.2,-30.08,2.22
28.3,150.6,0.487,3.2,-30.740001,2.24
28.35,149.94,0.252,3.2,-37.76,2.27
28.4,149.26,0.685,3.4,-45.66,2.29
28.45,148.56,0.914,3.4,-48.239999,2.3
28.5,148.5,1.5,3.4,-47.699999,2.32
28.55,147.66,2.656,3.9,-49.18,2.33
28.6,146.76,3.936,4.2,-50.96,2.34
28.65,145.86,4.723,3.8,-48.019999,2.34
28.7,144.94,4.564,4,-44.039999,2.35
28.75,144.02,3.448,4.5,-43.28,2.35
28.8,143.1,1.56,4.4,-42.039999,2.34
28.85,142.27,0.081,5.2,-37.959999,2.34
28.9,141.53,0.029,7.6,-37.179999,2.33
28.95,140.8,0.063,7.9,-49.519999,2.33
29,140.11,0.162,7.8,-66.18,2.33
29.05,139.37,0.424,8,-68.18,2.33
29.1,138.63,0.706,8,-61.28,2.33
29.15,137.87,0.594,7.2,-57.420002,2.33
29.2,137.16,0.625,6.6,-58.660001,2.33
29.25,136.38,0.62,7.2,-59.7,2.33
29.3,135.56,0.6,7.2,-55.88,2.32
29.35,134.81,0.371,7.4,-48.4,2.31
29.4,134.1,0.005,9,-41.360001,2.3
29.45,133.43,0.017,10.6,-38.84,2.29
29.5,132.84,0.117,11.6,-33.239999,2.27
29.55,132.35,0.172,13.2,-20.879999,2.26
29.6,131.91,0.14,16.8,-19.22,2.24
29.65,131.38,0.213,20.2,-40.58,2.23
29.7,131.4,0.257,21.6,-58.899998,2.2
29.75,130.9,0.237,23.8,-68.059999,2.18
29.8,130.04,0.016,30.2,-74.960002,2.16
29.85,129.27,0.29,30.2,-76.460002,2.14
29.9,129.48,0.497,36,-78.220001,2.12
29.95,129.78,0.147,38.2,-79.9,2.1
30,129.36,0.112,40.4,-82.219999,2.09
30.05,129.69,0.282,39.8,-82.56,2.08
30.1,131.46,0.187,37,-82.139998,2.06
30.15,131.22,0.366,37,-82.539997,2.06
30.2,130.32,0.917,39.2,-82.319998,2.05
30.25,131.28,0.708,41.9,-82.139998,2.04
30.3,131.4,0.155,50.8,-82.419999,2.04
30.35,131.07,0.003,61.2,-82.02,2.04
30.4,131.64,0.002,67.4,-81.479999,2.04
30.45,131.91,0.053,67.8,-80.78,2.05
30.5,132,0.079,68,-78.759999,2.05
30.55,133.05,0.094,68,-73.940001,2.05
30.6,133.74,0.268,68.4,-65.900001,2.05
30.65,134.13,0.206,71.4,-55.339999,2.05
30.7,135,0.139,73.4,-44.959999,2.06
30.75,135.99,0.206,77.4,-40.04,2.06
30.8,136.56,0.005,82.4,-39.440001,2.07
30.85,137.07,0.005,92.3,-42.26,2.08
30.9,138.06,0.005,97.8,-44.479998,2.08
30.95,138.75,0.017,98.4,-43.02,2.09
31,139.26,0.043,98.6,-40.900001,2.09
31.05,140.28,0.037,98.9,-40.44,2.09
31.1,141.36,0.19,99.2,-40.24,2.1
31.15,142.08,0.334,99.4,-40.220001,2.1
31.2,143.28,0.135,99.4,-40.18,2.1
31.25,143.97,0.074,99.6,-40.18,2.11
31.3,144.72,0.125,99.6,-40.079999,2.12
31.35,145.5,0.305,99.7,-39.44,2.13
31.4,146.52,0.307,99.6,-37.779999,2.13
31.45,147.21,0.248,99.7,-35.799999,2.14
31.5,148.08,0.239,99.6,-33.639999,2.15
31.55,148.8,0.255,99.6,-33.819998,2.15
31.6,149.58,0.114,99.6,-35.099999,2.16
31.65,150.15,0.164,99.6,-35.24,2.16
31.7,151.26,0.113,99.6,-34.64,2.16
31.75,151.86,0.013,99.5,-34.299999,2.15
31.8,152.7,0.017,99.6,-34.679999,2.14
31.85,153.45,0.113,99.5,-34.879999,2.14
31.9,154.44,0.321,99.6,-34.919999,2.13
31.95,155.01,0.34,99.6,-34.039999,2.12
32,156.06,0.351,99.6,-32.86,2.11
32.05,156.75,0.41,99.6,-32.839999,2.11
32.1,157.8,0.301,99.4,-32.86,2.1
32.15,158.61,0.345,99.6,-31.88,2.1
32.2,159.36,0.302,99.6,-29.940001,2.09
32.25,160.23,0.175,99.6,-29.22,2.08
32.3,160.8,0.21,99.6,-29.32,2.07
32.35,161.64,0.164,99.6,-28.280001,2.06
32.4,162.36,0.115,99.4,-26.74,2.04
32.45,162.72,0.094,99.5,-26.62,2.02
32.5,164.1,0.146,99.6,-26.839999,2
32.55,164.79,0.023,99.5,-27.1,1.98
32.6,165.12,0.039,99.6,-27.480001,1.96
32.65,166.5,0.094,99.5,-27.6,1.95
32.7,167.52,0.144,99.6,-27.52,1.94
32.75,167.61,0.248,99.5,-27.480001,1.93
32.8,168.6,0.255,99.4,-27.44,1.93
32.85,170.01,0.206,99.5,-27.079999,1.94
32.9,170.46,0.231,99.6,-27.02,1.95
32.95,171,0.188,99.4,-27.119999,1.95
33,172.08,0.189,99.4,-26.959999,1.96
33.05,172.41,0.278,99.4,-26.86,1.96
33.1,172.86,0.349,99.6,-26.519999,1.94
33.15,173.42,0.256,99.4,-25.38,1.93
33.2,173.76,0.065,99.6,-24.66,1.95
33.25,174.18,0.023,99.5,-25.84,1.96
33.3,175.2,0.195,99.6,-26.719999,1.97
33.35,176.07,0.422,99.5,-26.679999,1.97
33.4,176.58,0.481,99.4,-26.879999,1.97
33.45,177.69,0.422,99.4,-27.16,1.97
33.5,178.02,0.099,99.4,-27.08,1.96
33.55,178.5,0.302,99.4,-25.679999,1.96
33.6,179.58,0.335,99.4,-23.94,1.96
33.65,179.94,0.209,99.4,-23.279999,1.94
33.7,180.06,0.115,99.4,-22.7,1.92
33.75,181.14,0.143,99.4,-20.579999,1.89
33.8,182.28,0.239,99.4,-18.219999,1.86
33.85,182.67,0.295,99.4,-18.58,1.81
33.9,183.48,0.278,99.4,-19.22,1.77
33.95,184.02,0.029,99.4,-17.059999,1.71
34,183.9,0.147,99.2,-13.32,1.65
34.05,184.89,0.166,99.2,-12.9,1.6
34.1,186.36,0.016,99.2,-13.92,1.54
34.15,186.63,0.075,99.2,-14.1,1.48
34.2,186.78,0.118,99.2,-13.5,1.41
34.25,187.92,0.164,99.1,-12.28,1.36
34.3,189.06,0.183,99,-11.28,1.31
34.35,189.57,0.026,99.2,-9.9,1.25
34.4,190.08,0.147,99.2,-9.24,1.2
34.45,190.74,0.176,99.1,-9.36,1.15
34.5,191.76,0.079,99,-8.64,1.1
34.55,192.39,0.197,99.2,-7.58,1.05
34.6,192.84,0.203,99.2,-6.68,1
34.65,193.59,0.093,99.2,-6.06,0.95
34.7,194.52,0.054,99,-5.2,0.89
34.75,195,0.012,99.1,-4.62,0.83
34.8,195.36,0.09,99,-3.76,0.76
34.85,196.38,0.168,99,-2.7,0.7
34.9,197.04,0.26,98.8,-2.02,0.63
34.95,197.58,0.351,98.8,-1.26,0.56
35,198.3,0.19,98.6,-0.02,0.48
35.05,198.9,0.079,98.6,1.04,0.41
35.1,199.62,0.017,98.6,2.48,0.35
35.15,200.34,0.113,98.6,5.56,0.28
35.2,201.12,0.251,98.6,11.02,0.24
35.25,201.66,0.181,98.6,14.06,0.29
35.3,202.2,0.126,98.8,12.94,0.4
35.35,202.23,0.142,98.8,8.46,0.51
35.4,201.66,0.177,99,3.88,0.59
35.45,201.69,0.11,99,3.74,0.65
35.5,202.2,0.007,99.2,6.68,0.7
35.55,202.41,0.116,99.2,9.06,0.74
35.6,202.92,0.165,99.2,10.44,0.75
35.65,203.31,0.072,99.1,10.32,0.76
35.7,203.4,9.956,98.4,9.08,0.75
35.75,203.31,43.16,63.3,7.7,0.75
35.8,202.62,78.162,3.8,6.04,0.98
35.85,200.77,95.428,2.8,3.98,1.44
35.9,198.13,107.517,2.8,2.64,1.95
35.95,194.36,110.569,2.7,3.9,2.39
36,189.99,106.844,2.8,6.66,2.56
36.05,185.62,101.097,2.6,8.34,2.49
36.1,181.45,93.662,2.6,7.98,2.34
36.15,177.53,84.578,2.7,5.3,2.23
36.2,173.74,78.242,2.6,1.1,2.12
36.25,170.12,70.607,2.8,-3,1.99
36.3,166.81,70.741,2.8,-4.74,1.87
36.35,163.61,70.186,2.8,-2.48,1.85
36.4,160.27,70.626,2.8,2.38,1.87
36.45,157.05,74.218,2.8,6.88,1.86
36.5,153.78,75.352,2.8,7.82,1.92
36.55,150.29,74.466,2.8,6.04,1.92
36.6,147.02,74.016,2.8,4.94,1.88
36.65,143.7,74.272,2.8,6.56,1.9
36.7,140.37,74.802,2.8,9.42,1.93
36.75,136.94,73.007,2.8,9.6,1.95
36.8,133.57,69.146,3,8.5,1.98
36.85,130.12,66.211,2.9,10.28,1.98
36.9,127.02,60.737,2.6,15.88,1.88
36.95,124.55,55.261,2.6,21.36,1.78
37,122.46,48.088,2.8,24.52,1.68
37.05,119.94,41.639,2.8,27.299999,1.6
37.1,118.21,35.488,2.8,32.38,1.54
37.15,116.73,27.258,2.7,37.66,1.48
37.2,115.38,20.295,2.8,41.699999,1.44
37.25,114.3,14.645,2.8,43.779998,1.44
37.3,113.6,11.829,2.8,45.74,1.47
37.35,112.78,10.783,2.8,47.62,1.52
37.4,111.79,8.584,2.8,51.399999,1.57
37.45,110.88,6.587,2.8,57.919999,1.62
37.5,110.05,6.731,3,62.38,1.67
37.55,109.23,5.001,3,61.820001,1.71
37.6,108.96,2.732,2.8,60.800001,1.74
37.65,108.64,1.799,3.3,61.440001,1.77
37.7,108,1.796,3.6,62.72,1.79
37.75,107.41,1.633,4,63.48,1.81
37.8,106.82,0.584,4.8,63.939999,1.83
37.85,106.75,0.361,4.9,65.559999,1.84
37.9,106.2,1.209,4.2,71.259999,1.85
37.95,105.62,1.172,4.7,80.660002,1.86
38,105.04,0.606,4.8,89.16,1.87
38.05,104.45,0.69,4.8,92.659998,1.87
38.1,103.84,0.411,5.8,91.979998,1.88
38.15,103.24,0.631,5.9,89.460001,1.88
38.2,102.66,1.03,5.6,90.18,1.88
38.25,102.08,1.555,3,92.319998,1.88
38.3,101.64,3.153,2.6,92.860001,1.89
38.35,101.06,5.375,2.7,91.820002,1.9
38.4,100.4,6.019,2.8,90.84,1.9
38.45,99.65,5.914,2.8,91.579996,1.91
38.5,98.91,6.099,2.8,92.719997,1.9
38.55,98.17,6.049,3,92.939998,1.9
38.6,97.44,6.114,3.2,92.999999,1.9
38.65,96.73,6.471,3.4,92.919999,1.89
38.7,96.06,5.851,3.6,92.879998,1.88
38.75,96,5.086,3.6,93.44,1.87
38.8,95.44,3.485,4,94.420001,1.86
38.85,94.77,1.137,4.9,95.019999,1.84
38.9,94.62,0.135,8.8,95.319997,1.82
38.95,94.07,0.046,16,95.499999,1.8
39,93.68,0.093,29,95.539999,1.77
39.05,93.63,0.036,35.6,95.68,1.75
39.1,93.9,0,45,95.760001,1.74
39.15,94.65,0,50.5,95.66,1.74
39.2,95.22,0.002,53.2,95.559999,1.75
39.25,95.91,0.087,55.7,95.059998,1.76
39.3,96.96,0.188,57.6,94.039997,1.76
39.35,97.86,0.093,57.2,93.219997,1.77
39.4,98.64,0.014,57,92.399997,1.78
39.45,99.42,0.021,57.3,90.399999,1.79
39.5,100.44,0.002,57.8,87.260003,1.8
39.55,101.58,0.113,58.5,83.980002,1.81
39.6,102.18,0.405,59.4,78.880001,1.82
39.65,103.59,0.52,61.2,70.619999,1.83
39.7,104.76,0.444,60.8,60.78,1.83
39.75,105.51,0.454,61.9,52.780001,1.83
39.8,106.2,0.294,63.6,45.96,1.83
39.85,107.37,0.338,64.9,43.64,1.82
39.9,108.42,0.345,70.6,45.979999,1.8
39.95,108.9,0.004,73.8,48.1,1.78
40,110.46,0.024,74.8,46.980001,1.76
40.05,111.69,0.031,77.8,46.6,1.74
40.1,112.38,0.01,78.6,47.639999,1.72
40.15,113.88,0.01,81,48.06,1.7
40.2,115.26,0.008,93.4,47.699999,1.69
40.25,116.64,0.005,98.1,47.339999,1.68
40.3,118.26,0.003,98.6,45.639999,1.68
40.35,119.1,0.01,98.8,41.219999,1.68
40.4,120.78,0.019,98.8,35.24,1.68
40.45,121.86,0.028,98.8,32.06,1.68
40.5,123.12,0.045,98.8,31.820001,1.69
40.55,124.38,0.214,98.8,34.28,1.7
40.6,125.58,0.294,99,39.3,1.71
40.65,126.81,0.106,98.8,42.259999,1.73
40.7,128.22,0.161,99,42.859999,1.76
40.75,129.72,0.151,99,42.339998,1.76
40.8,131.4,0.24,99.2,39.939999,1.73
40.85,131.7,0.041,99.3,33.46,1.71
40.9,132.3,0.023,99.2,27.28,1.73
40.95,132.9,0.077,99.3,22.459999,1.75
41,133.44,0.115,99.4,16.28,1.72
41.05,135.03,0.128,99.5,13.56,1.67
41.1,135.9,0.231,99.6,13.84,1.59
41.15,136.86,0.276,99.6,13.78,1.48
41.2,137.7,0.392,99.8,14.519999,1.38
41.25,139.5,0.131,99.7,16.06,1.29
41.3,141.06,0.111,99.6,17.42,1.18
41.35,141.06,0.164,99.5,18.379999,1.06
41.4,142.26,0.027,99.4,16.54,0.96
41.45,143.04,0.048,99.4,15.52,0.87
41.5,144.12,0.028,99.4,14.859999,0.78
41.55,145.62,0.099,99.4,11.479999,0.72
41.6,146.94,0.148,99.4,7.1,0.68
41.65,147.6,0.117,99.4,5.26,0.59
41.7,148.68,0.15,99.4,4.84,0.56
41.75,150.03,0.118,99.4,2.5,0.61
41.8,151.44,0.157,99.4,-0.88,0.6
41.85,151.71,0.135,99.3,-1.86,0.53
41.9,153.42,0.18,99.2,-1.2,0.53
41.95,153.84,0.177,99.2,-0.02,0.54
42,155.82,0.154,99.4,0.6,0.52
42.05,158.34,0.161,99.2,1.62,0.52
42.1,159.12,0.281,99.2,3.06,0.53
42.15,158.91,0.189,99.2,3.76,0.51
42.2,159.9,0.182,99.2,3.36,0.51
42.25,160.89,0.071,99.2,1.64,0.52
42.3,161.7,0.131,99.2,0.22,0.51
42.35,162.9,0.201,99.2,-0.16,0.51
42.4,163.74,0.126,99.2,0.14,0.52
42.45,164.85,0.166,99,0.86,0.49
42.5,165.84,0.159,99,1.4,0.48
42.55,166.89,0.122,99,1.16,0.49
42.6,168.24,0.083,99,1.28,0.49
42.65,168.78,0.139,99,2.76,0.46
42.7,169.68,0.143,99.2,4.06,0.46
42.75,170.91,0.183,99.1,4.1,0.41
42.8,171.12,0.108,99.2,3.6,0.25
42.85,171.96,0.036,99.2,3.02,0.3
42.9,172.68,0.106,99,2.48,0.43
42.95,173.61,0.138,99.1,2.38,0.46
43,174.78,0.116,99,2.66,0.46
43.05,175.68,0.063,99,3.14,0.46
43.1,176.4,0.134,99,3.82,0.45
43.15,177.21,0.171,98.8,4.58,0.46
43.2,178.14,0.072,98.8,5.04,0.48
43.25,179.28,0.116,98.5,5.1,0.5
43.3,180.24,0.093,98.4,5.14,0.5
43.35,180.84,0.086,98.2,5.44,0.52
43.4,181.74,0.131,98.2,6.12,0.56
43.45,182.52,0.101,98.4,7.16,0.59
43.5,183.42,0.197,98.6,8.04,0.62
43.55,184.41,0.159,98.6,8.06,0.65
43.6,185.34,0.162,98.8,8.08,0.69
43.65,186.03,0.056,98.8,8.28,0.73
43.7,186.78,0.007,98.8,8.4,0.77
43.75,187.8,0.04,98.8,9.04,0.82
43.8,188.1,0.055,98.8,10.28,0.86
43.85,189.36,0.102,98.8,10.9,0.9
43.9,190.02,0.156,98.6,11.28,0.94
43.95,191.1,0.142,98.7,11.32,0.97
44,192,0.188,98.6,11.2,1
44.05,192.33,0.087,98.7,11.16,1.02
44.1,192.96,0.296,98.8,10.98,1.05
44.15,194.04,0.293,98.8,10.92,1.08
44.2,194.7,0.059,98.8,11.14,1.09
44.25,195.3,0.003,98.8,11.16,1.1
44.3,195.84,0,98.8,11.14,1.12
44.35,196.56,0,98.8,11.28,1.13
44.4,197.58,0.06,98.8,11.64,1.13
44.45,198.06,0.092,99,12.24,1.1
44.5,198.18,0.005,99,12.52,1.1
44.55,198.66,0.041,98.8,12,1.13
44.6,199.14,0.103,98.8,11.24,1.16
44.65,200.16,0.127,98.8,10.88,1.17
44.7,201.06,0.091,98.8,10.5,1.16
44.75,201.21,0.008,98.8,10.2,1.16
44.8,201.54,0.061,98.8,10.2,1.15
44.85,202.41,0.091,98.8,10.2,1.16
44.9,203.1,0.044,98.8,10.2,1.16
44.95,203.94,0.115,98.8,10.44,1.16
45,204.66,0.255,98.8,11.08,1.16
45.05,204.99,0.382,98.8,11.94,1.17
45.1,205.2,0.197,98.8,12.64,1.18
45.15,206.01,0.019,98.8,12.34,1.19
45.2,206.88,0.166,98.8,11.4,1.19
45.25,207.6,0.345,98.8,10.68,1.2
45.3,208.08,0.272,98.8,10.5,1.2
45.35,208.35,0.145,98.8,10.46,1.2
45.4,208.74,0.147,98.8,10.559999,1.2
45.45,209.25,0.148,98.8,10.8,1.19
45.5,210.24,0.092,98.8,10.48,1.18
45.55,210.75,0.133,98.8,9.32,1.16
45.6,211.08,0.006,98.8,8.34,1.14
45.65,211.92,0,98.8,9.24,1.12
45.7,212.76,0.038,99,10.58,1.09
45.75,212.88,0.311,99,9.94,1.04
45.8,213.18,0.481,99,7.72,1
45.85,213.99,0.15,99.1,4.98,0.95
45.9,214.2,0.088,99,3.18,0.89
45.95,214.44,0.216,99,3.52,0.83
46,215.34,0.128,99,4.46,0.76
46.05,215.97,0.029,99.2,4.26,0.71
46.1,216.36,0.403,98.8,3.28,0.66
46.15,216.72,12.59,81,2.8,0.58
46.2,215.58,46.516,8.6,3.12,0.46
46.25,214.98,86.627,2.7,4.08,0.85
46.3,213.01,115.008,2.8,4.92,1.67
46.35,209.35,121.094,2.8,5.38,2.35
46.4,204.82,117.787,2.8,5.92,2.61
46.45,200.41,114.216,2.7,7.38,2.61
46.5,195.87,108.922,3,9.42,2.58
46.55,191.49,101.787,3.3,8.64,2.48
46.6,187.29,94.002,3.4,7.24,2.38
46.65,183.4,90.514,3.4,7.54,2.34
46.7,179.39,85.112,3.6,6.86,2.32
46.75,175.62,79.855,3.3,5.18,2.24
46.8,172.05,77.255,3.2,4.96,2.2
46.85,168.53,73.172,3.2,4.22,2.19
46.9,165.04,70.391,3,6.28,2.2
46.95,161.64,66.2,3,18.66,2.16
47,158.45,60.705,3,31.54,2.11
47.05,155.73,48.115,2.9,31.28,2
47.1,153.73,38.014,2.8,27.299999,1.85
47.15,151.98,29.505,2.9,25.22,1.75
47.2,150.9,20.726,2.8,24.42,1.69
47.25,149.52,16.018,2.8,26.4,1.67
47.3,148.32,10.481,2.8,27.48,1.68
47.35,147.6,7.602,2.9,28.119999,1.71
47.4,146.73,8.03,3,33.94,1.76
47.45,145.87,9.246,3,43.079999,1.82
47.5,145,11.217,3.4,49.779999,1.9
47.55,144.04,12.347,3.2,48.959999,1.97
47.6,143,12.537,3.6,47.18,2.03
47.65,142.02,12.422,3.6,46.7,2.09
47.7,141.02,12.242,3.8,45.72,2.15
47.75,140.05,11.788,4.4,45.599999,2.2
47.8,139.04,8.943,6,44.919999,2.25
47.85,138.18,5.704,6.4,44.5,2.28
47.9,137.37,3.059,7,48.04,2.32
47.95,136.63,1.091,9.8,56.399999,2.34
48,136,0.402,13,64.399998,2.37
48.05,135.43,0.103,14.4,66.26,2.38
48.1,134.98,0.036,16.2,64.7,2.39
48.15,134.97,0.181,19.2,62.739999,2.4
48.2,135.06,0.352,24.6,62.7,2.4
48.25,134.13,0.222,26.5,63.359998,2.39
48.3,133.5,0,31.2,63.420001,2.37
48.35,133.74,0.034,33.8,61.780001,2.35
48.4,133.62,0.099,37,60.759998,2.33
48.45,133.56,0.074,42.1,56.939999,2.3
48.5,133.26,0.003,47.8,48.079999,2.27
48.55,133.77,0,54.5,33.559998,2.25
48.6,133.92,0,55.4,16.559999,2.22
48.65,134.37,0.002,59.5,21.7,2.19
48.7,134.4,0.007,72.2,33.640001,2.14
48.75,134.22,0.006,80.4,41.940001,2.1
48.8,134.7,0.084,84.6,44.42,2.06
48.85,136.08,0.126,83.9,34.999999,2.01
48.9,137.16,0.05,82.8,25.22,1.96
48.95,137.55,0.075,89.7,23.340001,1.9
49,138.12,0.108,97.8,25.58,1.85
49.05,138.99,0.184,98.5,29.58,1.81
49.1,140.22,0.033,98.6,32.699999,1.77
49.15,140.67,0.004,98.6,31.419999,1.73
49.2,141.66,0.032,98.6,26.98,1.7
49.25,142.56,0.135,98.6,17.199999,1.69
49.3,143.64,0.144,98.6,5.04,1.68
49.35,144.45,0.108,98.9,-0.82,1.68
49.4,145.08,0.538,98.8,-2.02,1.67
49.45,145.59,0.566,99.1,9.86,1.65
49.5,146.52,0.003,99.2,33.679999,1.62
49.55,148.05,0.096,99.1,42.219999,1.59
49.6,149.46,0.146,99,36.899998,1.56
49.65,150.57,0.195,99,29.399999,1.51
49.7,151.2,0.288,99,18.66,1.44
49.75,152.79,0.18,99,8.2,1.36
49.8,153.12,0.272,99.2,1.66,1.23
49.85,154.77,0.005,99.5,-6.32,1.08
49.9,154.56,0.015,99.4,-17.2,0.9
49.95,155.52,0.02,99.4,-16.76,0.62
50,155.76,0.135,99.4,-13.06,0.41
50.05,156.99,0.2,99.4,-9,0.41
50.1,157.68,0.061,99.4,-6.34,0.57
50.15,157.89,0.113,99.5,-9.22,0.65
50.2,158.04,0.329,99.6,-12.26,0.78
50.25,158.85,0.531,99.4,-13.5,0.98
50.3,159.24,0.36,99.4,-16.4,1.13
50.35,160.5,0.398,99.5,-17.779999,1.23
50.4,162.24,0.151,99.4,-16.66,1.31
50.45,162.27,0.062,99.6,-16.84,1.37
50.5,162.72,0.113,99.4,-16.999999,1.41
50.55,163.8,0.167,99.4,-17.02,1.45
50.6,164.58,0.101,99.4,-17.26,1.48
50.65,165.72,0.175,99.4,-17.1,1.5
50.7,166.08,0.188,99.4,-18.24,1.51
50.75,166.95,0.223,99.4,-19.820001,1.52
50.8,167.94,0.006,99.4,-19.86,1.54
50.85,168.78,0.132,99.4,-19.12,1.55
50.9,169.56,0.308,99.4,-19,1.56
50.95,170.22,0.165,99.4,-19,1.58
51,170.94,0.136,99.4,-18.92,1.59
51.05,171.51,0.302,99.4,-18.36,1.59
51.1,172.26,0.149,99.6,-17.58,1.56
51.15,172.78,0.113,99.6,-16.96,1.53
51.2,173.46,0.201,99.4,-16.06,1.53
51.25,173.22,0.15,99.4,-15.34,1.55
51.3,174.06,0.192,99.4,-14.680001,1.53
51.35,174.87,0.158,99.4,-14.5,1.5
51.4,175.56,0.187,99.4,-14.5,1.47
51.45,176.52,0.173,99.4,-14.34,1.42
51.5,176.64,0.133,99.4,-13.9,1.37
51.55,177.39,0.008,99.3,-13.159999,1.32
51.6,178.44,0.077,99.4,-11.74,1.27
51.65,179.07,0.169,99.2,-9.72,1.21
51.7,179.52,0.089,99.2,-7.92,1.15
51.75,180.36,0.139,99.2,-6.72,1.08
51.8,180.36,0.218,99.2,-6.44,1.02
51.85,181.29,0.023,99.2,-6.98,0.95
51.9,182.28,0.053,99.2,-6.16,0.88
51.95,182.79,0.151,99.2,-4.16,0.81
52,183.48,0.224,99.2,-2.04,0.75
52.05,184.35,0.223,99.2,-0.8,0.7
52.1,184.86,0.135,99.2,-0.2,0.63
52.15,185.43,0.076,99.1,-0.2,0.57
52.2,186.24,0.02,99.2,-0.12,0.53
52.25,186.96,0.127,99,0.2,0.5
52.3,187.74,0.241,99,0.66,0.47
52.35,188.43,0.183,99,0.86,0.45
52.4,188.94,0.09,98.8,0.8,0.42
52.45,189.75,0.014,98.8,0.8,0.42
52.5,190.38,0.067,99,0.8,0.42
52.55,190.8,0.073,98.8,0.68,0.39
52.6,191.7,0.066,98.8,0.5,0.4
52.65,192.21,0.188,98.8,0.62,0.41
52.7,192.66,0.149,98.8,0.76,0.4
52.75,193.56,0.005,98.8,0.74,0.41
52.8,194.28,0.037,98.8,0.88,0.4
52.85,194.64,0.087,98.8,1.24,0.4
52.9,195.54,0.064,98.8,1.68,0.41
52.95,196.05,0.017,98.8,1.6,0.41
53,196.62,0.005,98.8,1.26,0.4
53.05,197.28,0.051,98.8,0.92,0.4
53.1,197.76,0.11,98.8,0.18,0.32
53.15,198.04,0.057,98.9,-0.78,0.17
53.2,198.3,0.062,98.8,-1.38,0.22
53.25,198.6,0.143,98.8,-0.96,0.33
53.3,199.5,0.133,98.8,-0.52,0.37
53.35,199.95,0.135,98.8,-0.44,0.36
53.4,200.4,0.146,98.8,-0.66,0.35
53.45,200.88,0.183,98.6,-1.14,0.38
53.5,202.2,0.268,98.6,-1.54,0.42
53.55,202.44,0.298,98.6,-1.96,0.42
53.6,202.86,0.295,98.4,-2.58,0.5
53.65,203.31,0.342,95.6,-7.3,0.65
53.7,203.52,0.241,64.8,-17.04,0.77
53.75,204.45,0.638,44.4,-24.299999,0.89
53.8,206.28,0.978,37,-28.919999,1.05
53.85,205.86,1.199,35.5,-27.98,1.23
53.9,205.34,1.181,36.8,-26.5,1.42
53.95,204.8,1.279,31,-29.519999,1.6
54,204.66,1.499,20.2,-36.559999,1.77
54.05,204.27,1.549,25.6,-41.079999,1.93
54.1,203.59,1.173,24.8,-39.279999,2.06
54.15,203.06,0.605,23.3,-37.040001,2.17
54.2,202.65,1.657,21,-40.84,2.26
54.25,202.08,2.326,10,-46.74,2.34
54.3,201.44,3.076,4,-49.360001,2.41
54.35,200.71,3.925,3.1,-50.88,2.47
54.4,199.71,3.818,3,-53.08,2.52
54.45,198.74,3.349,3,-53.58,2.56
54.5,197.64,3.359,3.6,-54.059999,2.58
54.55,196.57,2.577,5.2,-54.399999,2.59
54.6,195.6,1.161,9.2,-53.739999,2.59
54.65,194.66,0.086,20.3,-53.16,2.59
54.7,193.78,0.215,27.8,-53.34,2.57
54.75,193.18,0.227,25.8,-54.939999,2.55
54.8,192.79,0.163,24.8,-56.92,2.53
54.85,192.29,0.052,20.8,-57.419999,2.51
54.9,191.79,0.492,17.4,-58.579999,2.49
54.95,191.16,1.405,17.5,-60.559998,2.48
55,190.48,1.209,17.6,-62.039997,2.46
55.05,189.87,0.285,16.9,-62.219999,2.44
55.1,189.25,0.561,18.6,-62.32,2.42
55.15,188.57,1.075,22.1,-62.32,2.41
55.2,187.93,0.737,33.4,-62.500001,2.39
55.25,187.37,0.005,50.2,-61.460001,2.36
55.3,187.2,0.137,55.6,-59.540001,2.34
55.35,187.5,0.237,57.9,-58.000001,2.32
55.4,187.14,0.07,67.8,-54.460001,2.31
55.45,187.41,0.172,70.4,-47.36,2.3
55.5,188.64,0.244,77.4,-42.739999,2.29
55.55,188.28,0.351,80.9,-50.379999,2.29
55.6,188.64,0.547,73.8,-57.799997,2.29
55.65,189.24,0.165,68.6,-56.839999,2.29
55.7,188.76,0.286,62.2,-57.6,2.3
55.75,188.79,0.334,62.2,-58.72,2.3
55.8,189.72,0.064,61.6,-59.7,2.31
55.85,189.12,0.094,67.3,-60.000002,2.32
55.9,188.4,0.19,82.6,-59.84,2.32
55.95,189.66,0.101,98,-57.639999,2.33
56,190.2,0.047,98.8,-51.66,2.34
56.05,190.41,0.089,99.1,-43.180001,2.35
56.1,191.04,0.303,99.2,-36.82,2.36
56.15,192.12,0.414,99.5,-36.179999,2.37
56.2,192.12,0.12,99.8,-36.26,2.37
56.25,192.21,0.03,99.8,-34.719999,2.37
56.3,192.9,0.054,99.8,-31.14,2.37
56.35,193.2,0.056,100,-28.18,2.36
56.4,193.86,0.005,100,-26.959999,2.35
56.45,194.46,0.005,100,-27.519999,2.34
56.5,194.58,0.293,100,-27.76,2.32
56.55,194.82,0.495,99.9,-27.16,2.31
56.6,195.66,0.156,99.8,-26.799999,2.29
56.65,196.23,0.197,99.8,-26.479999,2.26
56.7,195.9,0.283,99.8,-25.68,2.23
56.75,196.62,0.254,99.7,-23.6,2.2
56.8,197.76,0.087,99.8,-20.56,2.17
56.85,197.76,0.212,99.8,-18.92,2.13
56.9,198.3,0.315,99.8,-16.98,2.09
56.95,198.84,0.146,99.6,-15.2,2.05
57,199.02,0.167,99.6,-15.04,2.01
57.05,199.11,0.007,99.4,-19.539999,1.96
57.1,201.06,0.042,99.6,-26.939999,1.92
57.15,201.36,0.2,99.8,-25.799999,1.87
57.2,201.96,0.231,99.8,-19.079999,1.81
57.25,201.27,0.276,99.4,-17.22,1.74
57.3,203.58,0.611,99.6,-17.759999,1.67
57.35,202.71,0.36,99.5,-19.259999,1.57
57.4,202.14,0.11,99.2,-19.9,1.45
57.45,204.39,0.111,99.5,-14.579999,1.34
57.5,205.86,0.124,99.8,-8.44,1.22
57.55,204.72,0.304,99.6,-8.66,1.08
57.6,204.84,0.577,99.4,-8.9,0.96
57.65,205.92,0.6,99.5,-8.46,0.86
57.7,205.92,0.204,99.4,-7.6,0.76
57.75,206.34,0.308,99.4,-6.26,0.68
57.8,206.94,0.003,99.4,-4.54,0.61
57.85,208.35,0.034,99.4,-4.02,0.55
57.9,209.1,0.259,99.4,-3.72,0.49
57.95,208.59,0.362,99.4,-3.5,0.44
58,208.8,0.077,99.4,-2.54,0.39
58.05,209.85,0.013,99.3,-1.16,0.4
58.1,210,0.017,99.4,-0.02,0.37
58.15,210.21,0.077,99.2,0.36,0.31
58.2,212.04,0.267,99,1.56,0.32
58.25,212.1,0.312,99,2.14,0.32
58.3,212.22,0.203,98.8,2.2,0.28
58.35,213.18,0.199,98.6,1.76,0.31
58.4,213.84,0.191,98.2,0.86,0.31
58.45,214.05,0.131,98.2,0.3,0.26
58.5,214.8,0.139,98.2,-0.04,0.27
58.55,215.49,0.214,98.3,-0.02,0.3
58.6,215.88,0.063,98.4,0.06,0.28
58.65,216.39,0.074,98.7,0.16,0.27
58.7,217.32,0.019,98.8,0.4,0.29
58.75,217.59,0.084,98.8,0.28,0.29
58.8,217.98,0.094,98.8,0.1,0.27
58.85,218.79,0.09,98.6,0.14,0.29
58.9,219.18,0.128,98.8,0.24,0.29
58.95,219.72,0.123,98.6,0.34,0.27
59,220.32,0.334,98.6,0.44,0.26
59.05,220.83,0.233,98.6,0.62,0.26
59.1,221.46,0.051,98.6,0.8,0.27
59.15,222.06,0.142,98.6,1.04,0.27
59.2,222.36,0.131,98.8,1.36,0.27
59.25,223.14,0.135,98.8,1.42,0.28
59.3,223.74,0.216,98.8,1.48,0.28
59.35,224.1,0.11,99,1.26,0.22
59.4,224.34,0.003,99,1.04,0.11
59.45,224.4,0.022,98.8,0.68,0.12
59.5,225.06,0.083,98.8,0.26,0.19
59.55,225.18,0.149,98.6,-0.14,0.23
59.6,225.84,0.185,98.6,-0.28,0.24
59.65,226.38,0.137,98.5,-0.36,0.24
59.7,226.68,0.147,98.6,-0.26,0.23
59.75,227.25,0.234,98.6,-0.04,0.24
59.8,227.82,0.17,98.6,0.24,0.25
59.85,227.94,0.217,98.6,0.22,0.24
59.9,228.48,0.212,98.6,0.1,0.24
59.95,229.14,0.077,98.6,0.14,0.25
60,229.08,0.059,98.6,0.16,0.24
60.05,229.77,0.099,98.6,0.14,0.23
60.1,230.22,0.146,98.6,0.2,0.25
60.15,230.7,0.017,98.6,0.12,0.25
60.2,231.36,0.023,98.6,0,0.24
60.25,231.66,0.087,98.6,0.12,0.23
60.3,232.2,0.168,98.6,0.38,0.22
60.35,232.41,0.149,98.6,0.58,0.21
60.4,232.92,0.153,98.6,0.74,0.21
60.45,233.31,0.112,98.6,0.8,0.22
60.5,233.82,0.116,98.6,0.84,0.21
60.55,234.21,0.125,98.6,0.9,0.21
60.6,234.78,0.255,98.6,0.86,0.2
60.65,234.78,0.112,98.6,0.84,0.19
60.7,235.68,0.008,98.6,0.86,0.21
60.75,235.77,0.109,98.6,0.64,0.19
60.8,235.86,0.243,98.6,0.36,0.16
60.85,236.58,0.14,98.7,0.3,0.2
60.9,237.18,0.155,98.8,0.26,0.21
60.95,237.27,0.213,98.8,0.16,0.17
61,238.02,0.028,98.8,0.06,0.17
61.05,238.2,0.195,98.7,0.04,0.2
61.1,238.26,0.344,98.8,0.26,0.19
61.15,238.98,0.127,98.8,0.58,0.19
61.2,239.34,0.208,98.8,0.74,0.19
61.25,239.67,0.36,98.7,0.76,0.19
61.3,240.12,0.2,98.8,0.66,0.19
61.35,240.66,0.149,98.6,0.56,0.18
61.4,241.26,0.083,98.6,0.46,0.18
61.45,241.32,0.075,98.6,0.32,0.18
61.5,241.86,0.126,98.6,0.2,0.17
61.55,242.16,0.11,98.6,0.44,0.18
61.6,242.46,0.185,98.6,0.8,0.18
61.65,242.88,0.531,98.6,0.8,0.18
61.7,243.3,0.389,98.6,0.76,0.18
61.75,243.66,0.005,98.6,0.7,0.18
61.8,244.02,0.005,98.6,0.66,0.16
61.85,244.02,0.219,98.6,0.4,0.16
61.9,244.5,0.352,98.6,0.18,0.18
61.95,245.28,0.138,98.6,0.46,0.19
62,245.52,0.218,98.6,0.74,0.16
62.05,245.94,0.137,98.6,0.88,0.15
62.1,246.18,0.041,98.6,0.96,0.17
62.15,246.42,0.087,98.6,0.9,0.17
62.2,246.9,0.42,98.6,0.86,0.16
62.25,247.26,0.529,98.6,0.68,0.17
62.3,247.74,0.17,98.6,0.5,0.17
62.35,247.8,0.059,98.8,0.54,0.15
62.4,248.04,0.005,99,0.56,0.15
62.45,248.52,0.099,99,0.46,0.17
62.5,248.82,0.256,99,0.28,0.16
62.55,249.39,0.298,99,0.18,0.16
62.6,249.66,0.307,99,0.38,0.16
62.65,249.57,0.17,99.2,0.58,0.13
62.7,250.14,0.087,99.2,0.78,0.16
62.75,250.74,2.71,98.6,0.9,0.2
62.8,249.72,19.256,73.2,0.94,0.11
62.85,248.99,53.9,9,1.08,0.24
62.9,248.18,90.747,2.6,1.28,0.92
62.95,245.75,116.127,2.7,1.68,1.85
63,241.65,125.045,2.6,2.1,2.51
63.05,236.99,126.502,2.7,2.26,2.74
63.1,232.18,124.481,2.8,2.46,2.8
63.15,227.21,118.567,2.6,2.32,2.75
63.2,222.49,109.548,2.8,1.88,2.67
63.25,217.79,106.855,2.8,2.88,2.58
63.3,213.36,106.081,3,5.38,2.51
63.35,208.96,104.609,3.2,5.84,2.51
63.4,204.47,102.153,3.2,5.18,2.49
63.45,200.18,99.414,3.2,4.46,2.43
63.5,195.96,94.891,3,4.72,2.36
63.55,191.88,90.762,2.8,1.42,2.27
63.6,187.99,87.09,2.8,-3.42,2.21
63.65,184.11,86.88,2.8,-4.28,2.18
63.7,180.33,85.83,2.8,-2.68,2.15
63.75,176.65,84.934,2.8,2.34,2.2
63.8,172.7,85.168,2.8,6.84,2.23
63.85,169.12,85.234,2.8,10.1,2.12
63.9,166.92,81.112,2.8,10.78,1.98
63.95,163.66,75.24,2.9,2.78,2.06
64,159.84,74.449,3,-4.16,2.13
64.05,157.12,72.61,2.9,1.2,2
64.1,153.94,69.671,2.8,13.52,1.93
64.15,150.68,66.74,2.9,22.04,1.9
64.2,148.02,64.23,3,26.16,1.92
64.25,144.9,60.203,3,27.919999,1.9
64.3,142.93,53.443,3,28.559999,1.8
64.35,140.49,50.098,3.2,24.9,1.78
64.4,137.96,46.546,3.2,22.18,1.76
64.45,135.85,44.923,3.3,18.639999,1.74
64.5,133.82,45.018,3.8,18.8,1.79
64.55,131.54,45.354,3.5,31.3,1.8
64.6,129.5,42.822,3.2,42.000001,1.79
64.65,127.54,38.663,3.4,40.68,1.81
64.7,125.51,37.1,3.4,40.799999,1.82
64.75,123.71,33.65,3.6,44.56,1.81
64.8,121.94,28.498,3.6,48.380001,1.8
64.85,120.87,19.523,3.6,49.660001,1.77
64.9,120.3,12.805,3.4,50.72,1.73
64.95,119.27,18.473,3.6,53.759999,1.73
65,118.19,22.865,3.8,55.639999,1.79
65.05,116.89,23.896,3.8,55.039999,1.85
65.1,115.65,23.362,3.8,55.059999,1.88
65.15,114.43,22.248,4,56.3,1.9
65.2,113.34,17.472,4.2,54.54,1.92
65.25,112.3,11.215,4.2,44.639999,1.91
65.3,111.37,9.055,4.2,39.180001,1.91
65.35,110.63,9.645,4.4,56.459999,1.91
65.4,109.92,9.725,4.2,77.079999,1.93
65.45,109.16,8.822,4,84.099999,1.95
65.5,108.36,7.17,4.6,82.499997,1.96
65.55,107.61,4.761,5.1,62.519998,1.96
65.6,106.99,2.857,5.2,34.08,1.95
65.65,106.59,4.342,5.4,33.699999,1.95
65.7,106.15,6.27,4,55.299998,1.96
65.75,105.62,7.144,3.3,76.979998,1.97
65.8,104.98,7.069,3,92.079998,1.98
65.85,104.3,6.924,3,93.619996,1.98
65.9,103.59,6.32,3,93.239998,1.98
65.95,102.95,5.419,3.3,94,1.97
66,102.32,5.507,3.4,93.939997,1.97
66.05,101.71,5.477,3.7,93.979996,1.97
66.1,101.11,6.009,4.6,93.499996,1.97
66.15,100.46,6.055,5.7,93.259997,1.98
66.2,99.84,3.98,7.4,93.06,1.98
66.25,99.26,1.319,15.2,93.300002,1.98
66.3,98.74,0.075,23,93.300002,1.97
66.35,98.46,0.12,31.7,93.38,1.95
66.4,97.8,0.018,36.6,93.259997,1.95
66.45,98.4,0.002,42.3,92.939998,1.95
66.5,98.82,0.003,43.8,93.08,1.95
66.55,99,0.01,50.1,93.160001,1.94
66.6,99.54,0.017,52.8,93.1,1.94
66.65,100.41,0.029,52.9,92.82,1.94
66.7,101.34,0.185,50.4,92.24,1.94
66.75,101.85,0.415,48.7,91.079999,1.93
66.8,102.72,0.31,47.8,88.780001,1.92
66.85,103.23,0.242,47.7,85.240001,1.91
66.9,103.68,0.583,48.6,80.760001,1.91
66.95,103.86,0.444,51.8,77.180003,1.9
67,104.7,0.224,56.4,72.040001,1.9
67.05,105.69,0.203,58.7,65.119999,1.89
67.1,105.9,0.161,62.4,58.779999,1.88
67.15,106.65,1.003,65,51.399999,1.87
67.2,107.76,1.227,64.8,40.519999,1.85
67.25,108.27,0.121,65.1,34.68,1.83
67.3,108.78,0.052,77.8,34.8,1.8
67.35,109.5,0.115,94.3,35.019999,1.78
67.4,110.28,0.069,98.2,31.679999,1.75
67.45,110.82,0,98.4,26.28,1.74
67.5,111.66,0.084,98.6,30.959999,1.71
67.55,112.53,0.136,98.8,50.62,1.68
67.6,114.24,0.015,99,62.58,1.66
67.65,115.02,0.024,98.8,58.280001,1.65
67.7,116.04,0.036,98.8,52.879999,1.66
67.75,116.94,0.012,98.8,50.659998,1.67
67.8,118.08,0.018,98.6,45.839999,1.69
67.85,118.29,0.024,98.7,44.560001,1.71
67.9,119.1,0.036,98.6,46.96,1.74
67.95,120.36,0.024,98.7,45.820001,1.76
68,121.32,0.048,98.6,41.420001,1.79
68.05,121.89,0.08,98.6,37.8,1.81
68.1,122.64,0.093,98.6,38.4,1.82
68.15,123.57,0.098,98.7,43.9,1.84
68.2,124.56,0.173,99,48.259999,1.85
68.25,125.67,0.041,99,47.019999,1.86
68.3,126.72,0.005,99,44.16,1.86
68.35,127.32,0.041,99.1,43.000001,1.86
68.4,128.1,0.093,99.2,42.18,1.86
68.45,129.3,0.104,99.2,40,1.85
68.5,130.14,0.149,99.2,37.539999,1.84
68.55,131.04,0.181,99.2,36.399999,1.83
68.6,132.3,0.105,99.2,34.86,1.82
68.65,133.11,0.004,99.2,32.78,1.8
68.7,133.62,0.008,98.8,30.579999,1.77
68.75,134.49,0.003,99,30.04,1.75
68.8,135.66,0.124,98.8,30.48,1.73
68.85,136.62,0.186,98.8,31.519999,1.71
68.9,137.46,0,98.8,33.499999,1.69
68.95,138.54,0.01,98.7,34.319999,1.68
69,139.8,0.019,98.8,33.4,1.66
69.05,140.34,0.102,98.6,31.24,1.65
69.1,141.72,0.182,99,28.84,1.65
69.15,142.62,0.079,98.8,27.24,1.65
69.2,143.04,0.057,98.8,27.079999,1.64
69.25,144.24,0.05,99,27.919999,1.63
69.3,145.14,0.139,98.8,30.16,1.64
69.35,146.04,0.235,98.8,32.34,1.64
69.4,146.94,0.089,98.8,32.080001,1.64
69.45,147.93,0.085,98.6,28.82,1.64
69.5,148.86,0.147,98.8,25.76,1.65
69.55,149.7,0.062,98.6,25.4,1.65
69.6,150.72,0.183,98.8,25.16,1.66
69.65,151.59,0.216,98.7,24.68,1.66
69.7,152.34,0.002,98.8,24.74,1.67
69.75,153.3,0.007,98.7,25.139999,1.67
69.8,154.2,0.02,98.8,25.2,1.67
69.85,155.04,0.023,98.8,24.92,1.67
69.9,156.06,0.041,98.8,24.18,1.67
69.95,157.05,0.091,98.8,24.3,1.67
70,157.56,0.293,98.6,26.12,1.66
70.05,158.46,0.365,98.8,27.58,1.65
70.1,159.66,0.029,98.6,25.78,1.64
70.15,160.29,0.041,98.6,19.3,1.62
70.2,160.38,0.005,98.6,13.54,1.6
70.25,161.67,0.049,98.6,14,1.57
70.3,162.36,0.273,98.6,15.82,1.52
70.35,163.05,0.426,98.6,14.860001,1.45
70.4,164.22,0.182,98.8,12.06,1.39
70.45,164.73,0.065,98.8,11.7,1.32
70.5,165.6,0.147,98.8,12.24,1.22
70.55,166.41,0.107,99,10.34,1.1
70.6,166.98,0.085,99,7.46,0.98
70.65,168.03,0.213,99,3.4,0.86
70.7,168.78,0.218,99,-3.4,0.73
70.75,168.99,0.125,98.8,-10.54,0.55
70.8,170.16,0.449,98.8,-16.24,0.43
70.85,171.33,0.485,98.8,-16.54,0.5
70.9,172.02,0.165,98.6,-15.74,0.64
70.95,172.59,3.174,84.7,-23.02,0.8
71,173.64,14.112,21.8,-35.7,0.97
71.05,173.76,28.842,5.4,-38.219999,1.13
71.1,173.52,40.129,3.4,-31.359998,1.39
71.15,172.24,46.198,3.8,-23.52,1.75
71.2,170.16,47.711,3.2,-21.100001,2
71.25,168.27,49.188,2.6,-27.14,2.1
71.3,166.33,46.276,2.8,-30.560001,2.2
71.35,164.31,33.626,2.8,-22.5,2.28
71.4,162.19,25.653,2.8,-15.12,2.3
71.45,160.57,28.41,2.8,-22.259999,2.31
71.5,158.89,33.391,2.8,-35.619999,2.36
71.55,156.97,32.224,2.8,-38.599999,2.41
71.6,155.12,31.728,2.8,-36.659999,2.43
71.65,153.27,34.622,2.9,-37.380001,2.43
71.7,151.44,34.902,2.8,-37.5,2.42
71.75,149.65,33.711,3,-33.96,2.42
71.8,147.83,31.972,3.2,-27.400001,2.41
71.85,146.04,30.958,3.2,-23.82,2.39
71.9,144.31,31.847,3,-24.26,2.38
71.95,142.6,31.112,3.2,-23.88,2.37
72,140.89,26.706,3.2,-27.879999,2.35
72.05,139.27,22.487,3.2,-41.28,2.32
72.1,137.83,20.382,3.4,-50.859999,2.3
72.15,136.43,19.396,3.4,-46.839999,2.29
72.2,135,16.378,3.6,-39.679999,2.28
72.25,133.74,9.999,3.8,-35.459999,2.25
72.3,132.67,5.225,4.4,-36.86,2.21
72.35,131.83,2.888,4.2,-48.06,2.19
72.4,131.07,3.871,4.6,-58.200001,2.19
72.45,130.28,3.449,4.9,-57.800001,2.18
72.5,129.55,2.557,5,-59.159999,2.17
72.55,128.81,1.05,5.4,-66.179998,2.16
72.6,128.11,0.028,6.8,-74.819999,2.14
72.65,127.44,0.164,7.6,-79.720001,2.13
72.7,126.79,0.643,7,-81.360002,2.11
72.75,126.17,1.658,3.6,-81.54,2.1
72.8,125.52,2.722,3.4,-81.939999,2.09
72.85,124.79,4.015,3.4,-82.36,2.08
72.9,124.05,6.553,3,-83.139999,2.06
72.95,123.27,9.128,3.2,-83.66,2.05
73,122.42,11.727,3.2,-84.220002,2.05
73.05,121.49,15.335,3.2,-84.660001,2.05
73.1,120.47,17.156,3.4,-84.64,2.05
73.15,119.38,16.138,3.8,-84.819999,2.04
73.2,118.24,13.736,4.2,-84.999997,2.03
73.25,117.17,11.911,4.6,-85.159998,2.01
73.3,116.14,9.998,4.8,-85.68,1.99
73.35,115.19,7.965,4.2,-86.62,1.97
73.4,114.31,6.496,3.8,-87.600001,1.95
73.45,113.5,4.758,3.2,-88.099998,1.94
73.5,112.73,2.447,3.2,-88.679999,1.93
73.55,112.01,0.69,3.2,-89.260001,1.92
73.6,111.36,0.207,3.6,-89.539999,1.91
73.65,110.73,0.118,4.2,-89.839998,1.9
73.7,110.13,0.225,11.8,-90.399999,1.89
73.75,109.54,0.112,34.2,-90.94,1.87
73.8,109,0.062,47.6,-91.139998,1.84
73.85,109.08,0.051,46.4,-91.139998,1.84
73.9,109.2,0.206,48,-91.38,1.83
73.95,109.86,0.203,49.8,-90.72,1.82
74,110.22,0.053,54.2,-89.560002,1.81
74.05,110.37,0.221,56.1,-87.260001,1.8
74.1,111.3,0.269,57.4,-83.2,1.8
74.15,111.93,0.087,57.5,-76.879999,1.8
74.2,112.56,0.176,58.6,-68.240001,1.8
74.25,113.1,0.239,60.4,-61.66,1.81
74.3,114.24,0.097,61.2,-58.08,1.81
74.35,114.33,0.175,67.8,-59.679999,1.81
74.4,114.9,0.077,72.4,-61.939996,1.82
74.45,115.38,0.123,71.8,-61.239999,1.83
74.5,116.46,0.342,71.4,-58.460001,1.84
74.55,116.76,0.324,71.2,-52.2,1.84
74.6,117.72,0,72.2,-43.82,1.85
74.65,118.38,0.026,73.5,-38.36,1.86
74.7,119.1,0.187,79.2,-36.239999,1.87
74.75,119.79,0.332,79.2,-33.74,1.88
74.8,120.6,0.261,79.2,-27.38,1.89
74.85,121.14,0.232,78.8,-26.239999,1.89
74.9,121.62,0.208,79.8,-35.879999,1.89
74.95,122.37,0.124,84.3,-46,1.89
75,123,0.089,88.2,-43.240001,1.89
75.05,123.84,0.201,82.1,-24.9,1.89
75.1,124.68,0.219,78.4,-7.12,1.9
75.15,125.52,0.416,75.8,-5.54,1.9
75.2,126.42,0.703,79,-9.56,1.9
75.25,127.23,0.448,82.7,-19.92,1.9
75.3,127.56,0.217,94.6,-37.439999,1.89
75.35,127.95,0.222,98,-42.579999,1.89
75.4,128.88,0.096,97.8,-22.099999,1.89
75.45,130.29,0.16,90.3,3.18,1.9
75.5,130.98,0.172,77.2,12.94,1.9
75.55,131.61,0.652,81.4,11.66,1.89
75.6,132.24,0.705,82.4,0.62,1.87
75.65,132.93,0.092,97.9,-23.179999,1.86
75.7,133.8,0.077,98.4,-45.039998,1.86
75.75,134.76,0.243,98.7,-45.439998,1.87
75.8,136.02,0.234,99,-36.659999,1.87
75.85,137.46,0.072,99.3,-35.799999,1.88
75.9,138.48,0.099,99.4,-40.279998,1.88
75.95,138.9,0.11,99.4,-42.32,1.88
76,140.46,0.063,99.6,-39.02,1.89
76.05,141.39,0.092,99.5,-35.539998,1.9
76.1,141.78,0.005,99.4,-32.939999,1.9
76.15,142.62,0.005,99.4,-28.84,1.9
76.2,143.58,0.087,99.4,-25.539999,1.9
76.25,144.12,0.344,99.4,-29.86,1.89
76.3,145.14,0.423,99.4,-36.88,1.89
76.35,146.16,0.238,99.4,-36.580001,1.87
76.4,147.3,0.211,99.4,-31.06,1.86
76.45,148.17,0.273,99.4,-20.78,1.84
76.5,148.32,0.644,99.4,-12.54,1.82
76.55,149.37,0.592,99.4,-18.719999,1.79
76.6,151.26,0.044,99.6,-25.88,1.76
76.65,151.71,0.151,99.5,-25.74,1.72
76.7,151.56,0.143,99.4,-21.72,1.66
76.75,153.84,0.025,99.4,-16.699999,1.63
76.8,154.44,0.079,99.4,-14.02,1.58
76.85,155.22,0.087,99.4,-12.639999,1.5
76.9,156.06,0.029,99.4,-11.68,1.43
76.95,156.33,0.061,99.3,-12.88,1.33
77,158.16,0.207,99.2,-11.919999,1.25
77.05,159.12,0.214,99.2,-9,1.18
77.1,160.26,0.171,99.2,-7.92,1.08
77.15,160.74,0.278,99,-6.12,0.96
77.2,162.12,0.169,99,-3.74,0.86
77.25,162.66,0.035,98.7,-2.6,0.73
77.3,163.14,0.015,98.6,-1.56,0.62
77.35,164.7,0.104,98.6,3.92,0.58
77.4,165.48,0.133,98.8,13.68,0.53
77.45,166.29,0.08,98.8,20.38,0.47
77.5,167.34,0.111,98.8,19.179999,0.46
77.55,168.54,0.082,99.2,11.28,0.53
77.6,169.08,0.267,99,3.5,0.63
77.65,169.86,0.322,99.2,0.82,0.66
77.7,170.58,0.231,99.2,0.6,0.66
77.75,171.51,0.18,99.3,1.58,0.68
77.8,172.2,0.304,99.4,1.92,0.67
77.85,173.19,0.428,99.3,-1.82,0.63
77.9,174.66,0.369,99.4,-6.98,0.59
77.95,174.84,0.252,99.7,-7.6,0.52
78,176.04,0.4,99.4,-3.1,0.46
78.05,176.85,6.612,95.9,2.6,0.35
78.1,176.16,22.726,33.4,3.44,0.12
78.15,175.96,38.65,2.7,2.04,0.24
78.2,175.24,50.726,2.8,1.78,0.59
78.25,173.89,64.633,2.8,0.62,1.05
78.3,171.63,76.073,2.8,-3.68,1.45
78.35,168.89,80.037,2.8,-13,1.58
78.4,166.24,78.627,2.8,-19,1.65
78.45,163.37,77.058,3,-16.86,1.77
78.5,160.27,71.98,3.2,-10.88,1.87
78.55,157.35,64.819,3.2,-5.7,1.86
78.6,154.45,61.372,3.2,-8.16,1.83
78.65,151.65,58.664,3,-13.84,1.81
78.7,149.02,58.279,3,-26.039999,1.83
78.75,146.27,55.044,3,-34.199999,1.87
78.8,143.94,50.418,3,-31.82,1.87
78.85,142.03,41.733,3.2,-27.440001,1.85
78.9,140.52,35.141,3,-24.440001,1.78
78.95,138.66,29.646,3,-27.36,1.72
79,136.93,19.498,3,-29.64,1.7
79.05,135.77,15.531,3,-29.619999,1.68
79.1,134.62,14.451,3,-33.059999,1.7
79.15,133.52,13.615,3,-35.28,1.74
79.2,132.8,13.216,3.2,-41.299999,1.77
79.25,131.77,11.113,3.2,-47,1.8
79.3,131.16,8.461,3.4,-49.500001,1.82
79.35,130.59,5.791,3.4,-41.680001,1.82
79.4,130.09,5.633,3.6,-26.800001,1.82
79.45,129.44,5.895,3.7,-22.32,1.83
79.5,128.8,6.297,3.8,-25.3,1.83
79.55,128.34,6.988,3.8,-36.02,1.85
79.6,127.8,7.783,4.4,-55.979999,1.87
79.65,127.03,8.681,4.1,-69.84,1.89
79.7,126.2,8.598,3.2,-71.160001,1.91
79.75,125.61,7.827,3.5,-63.559999,1.93
79.8,125.32,5.935,3.6,-57.54,1.93
79.85,124.55,3.095,3.6,-54.259999,1.93
79.9,125.1,1.095,3.6,-45.399999,1.93
79.95,124.26,0.171,4.4,-34.16,1.91
80,123.4,0.206,12.6,-31.24,1.9
80.05,122.57,0.311,11.6,-40.08,1.86
80.1,121.98,0.246,9.6,-53.62,1.83
80.15,121.2,0.034,14.2,-65.96,1.81
80.2,120.54,0.051,27.8,-72.98,1.79
80.25,120.35,0,38,-70.940002,1.78
80.3,122.04,0.04,40.8,-64.400001,1.77
80.35,122.19,0.074,52,-59.360001,1.77
80.4,120.6,0.031,63.8,-59.439999,1.76
80.45,120.3,0.123,71.3,-63.079999,1.76
80.5,122.28,0.234,67.6,-59.100001,1.78
80.55,124.38,0.218,66.1,-51.42,1.8
80.6,124.32,0.167,65.2,-50.359999,1.79
80.65,124.89,0.003,63.2,-52.4,1.79
80.7,126.36,0,59.4,-53.76,1.79
80.75,126.69,0.034,61.1,-52.78,1.8
80.8,126.9,0.051,63.6,-52.219999,1.8
80.85,128.1,0.002,64.3,-51.94,1.82
80.9,128.88,0.003,64.2,-49.42,1.84
80.95,129.72,0.126,65.1,-44.92,1.86
81,130.26,0.249,71.4,-43.54,1.87
81.05,131.13,0.114,73.3,-44.899999,1.89
81.1,132,0.036,75,-47.559999,1.91
81.15,132.54,0.002,79.9,-48.699999,1.92
81.2,133.56,0.005,85.4,-47.199999,1.94
81.25,134.58,0.005,94.6,-43.859999,1.95
81.3,135.78,0.003,98,-36.08,1.97
81.35,137.07,0.07,98.3,-27.06,1.97
81.4,137.7,0.107,98.8,-23.12,1.97
81.45,138.78,0.003,99,-25.039999,1.95
81.5,139.98,0.002,99.2,-28,1.93
81.55,140.46,0.207,99.2,-28.560001,1.89
81.6,141.72,0.308,99.2,-26.8,1.84
81.65,142.77,0.005,99.3,-24.16,1.79
81.7,143.52,0.003,99.6,-21.72,1.71
81.75,144.81,0.024,99.5,-20.38,1.63
81.8,145.62,4.486,98.4,-17.6,1.54
81.85,146.46,21.467,61.2,-11.819999,1.39
81.9,145.8,49.76,2.8,-2.14,1.16
81.95,145.43,76.35,3,6.58,1.16
82,143.76,89.946,2.8,9.7,1.54
82.05,140.95,94.121,3,8.04,1.88
82.1,137.62,94.755,3,6.78,2.01
82.15,134.23,94.203,3.6,6.72,2.02
82.2,130.65,93.599,4.4,6.82,2.02
82.25,127.13,87.917,4.6,8.06,2.01
82.3,123.61,80.319,5,10.98,2.02
82.35,120,78.011,4.8,13.5,1.98
82.4,117.3,71.903,4.2,17.819999,1.91
82.45,114.01,68.668,3.8,24.999999,1.85
82.5,111.54,61.373,3.8,29.139999,1.74
82.55,110.16,56.909,2.8,26.62,1.67
82.6,107.64,53.874,2.6,25.44,1.64
82.65,105.21,48.509,2.7,31.02,1.61
82.7,103.32,46.941,2.8,42.04,1.61
82.75,101.55,44.357,2.8,48.660001,1.63
82.8,100.1,40.795,2.8,50.16,1.67
82.85,98.34,32.867,2.8,49.4,1.67
82.9,96.9,24.351,2.8,49.120001,1.62
82.95,95.93,17.656,2.8,50.76,1.58
83,95.1,16.917,3,53.74,1.58
83.05,94.03,18.372,3,57.360001,1.62
83.1,93.42,19.341,3.2,60.960001,1.66
83.15,92.31,20.237,3.3,64.599999,1.71
83.2,91.5,19.897,3.4,68.779998,1.74
83.25,90.5,18.985,3.4,72.42,1.77
83.3,89.41,14.721,3.4,76.979999,1.78
83.35,88.92,9.004,3.4,78.360001,1.78
83.4,88.32,5.807,3.2,78.12,1.77
83.45,88.07,5.555,3.4,79.339998,1.78
83.5,87.4,5.745,3.6,81.819997,1.79
83.55,86.8,5.325,3.7,83.199996,1.8
83.6,86.16,5.12,4,82.759998,1.81
83.65,85.57,4.188,4.5,81.94,1.81
83.7,85.2,2.71,5.2,81.779998,1.8
83.75,84.64,3.06,5.2,83.979999,1.8
83.8,84.15,4.627,4,88.82,1.79
83.85,83.57,5.253,3.7,90.959999,1.78
83.9,82.98,5.433,3.6,89.859997,1.77
83.95,82.33,3.062,4.1,89.159998,1.75
84,82.08,0.586,4.8,88.940001,1.72
84.05,81.61,0.026,6,88.14,1.69
84.1,81.18,0.113,8,86.5,1.66
84.15,80.68,0.299,9.7,85.699999,1.64
84.2,80.22,0.285,12.8,85.819999,1.61
84.25,79.84,0.164,18.3,83.499998,1.58
84.3,79.62,0.091,22.6,80.900001,1.56
84.35,79.92,0.053,24.4,81.200002,1.56
84.4,79.68,0.201,28.4,81.020001,1.55
84.45,80.34,0.347,31.4,77.480001,1.54
84.5,80.64,0.075,32.8,71.880002,1.52
84.55,81.45,0.004,36.1,63.72,1.49
84.6,81.78,0.052,40.6,54.759998,1.43
84.65,82.65,0.093,41.5,44.58,1.36
84.7,83.22,0.106,42.8,31.619999,1.25
84.75,83.55,0.107,45.3,20.059999,1.11
84.8,84.12,0.039,46.4,8.06,0.96
84.85,84.72,0.306,46.9,-5.82,0.78
84.9,85.56,0.62,45,-29.52,0.6
84.95,87.12,1.007,37.3,-60.96,0.45
85,88.14,1.708,22.6,-86.04,0.4
85.05,89.22,1.823,15.4,-91.999998,0.52
85.1,89.34,1.641,16.6,-92.700001,0.74
85.15,89.36,1.726,20.7,-93.42,0.96
85.2,89.46,2.147,23.4,-93.119999,1.15
85.25,89.88,1.733,24.6,-92.440001,1.3
85.3,89.88,1.718,23,-93.060001,1.42
85.35,89.7,2.136,17.2,-94.54,1.51
85.4,89.58,1.694,18.8,-95.34,1.58
85.45,89.48,1.897,22.9,-95.22,1.61
85.5,89.64,1.04,31,-95.399998,1.62
85.55,89.46,0.227,32.2,-95.359998,1.62
85.6,89.58,0.299,32,-94.659997,1.62
85.65,90.84,0.149,30.6,-93.139999,1.59
85.7,91.14,0.003,33.2,-92.179999,1.56
85.75,90.3,0,36.1,-90.559998,1.54
85.8,90.12,0.062,39,-81.919997,1.52
85.85,92.67,0.179,39.2,-60.199998,1.51
85.9,92.94,0.157,41.4,-38.399999,1.5
85.95,92.73,0.044,48.9,-31.219999,1.49
86,93.24,0.005,57.4,-30.52,1.49
86.05,94.14,0.003,59.4,-35.879999,1.53
86.1,94.74,0.076,63.4,-49.059998,1.55
86.15,95.82,0.186,63.6,-67.499997,1.55
86.2,97.26,0.23,64.4,-74.779998,1.56
86.25,98.34,0.193,64.7,-71.939999,1.57
86.3,99.42,0.017,65.6,-69.440001,1.59
86.35,100.68,0.093,63.9,-65.86,1.62
86.4,102,0.137,64.4,-58.599999,1.63
86.45,102.78,0.021,64.6,-48.239999,1.64
86.5,104.28,0.147,65,-36.119999,1.65
86.55,104.97,0.182,63.3,-21.82,1.66
86.6,105.72,0.027,66.8,-9.98,1.67
86.65,106.53,0.04,82.2,-14.08,1.67
86.7,107.58,0.052,98,-22.779999,1.66
86.75,108.99,0.097,98.5,-22.54,1.66
86.8,110.46,0.124,98.8,-23.94,1.67
86.85,112.35,0.219,98.9,-29.56,1.63
86.9,113.46,0.146,99.2,-28,1.57
86.95,115.41,0.029,99.2,-22.52,1.53
87,115.86,0.161,99.2,-23.64,1.46
87.05,119.31,0.485,99.4,-24.259999,1.37
87.1,119.88,0.489,99.4,-21.6,1.29
87.15,120.06,0.054,99.4,-20.64,1.24
87.2,121.32,0.11,99.2,-21.080001,1.18
87.25,122.58,0.167,99.4,-20.72,1.12
87.3,123.9,0.113,99.4,-19.239999,1.07
87.35,125.58,0.189,99.4,-18.02,1.02
87.4,127.32,0.132,99.4,-17.86,0.98
87.45,128.94,0.23,99.4,-17.56,0.95
87.5,130.8,0.133,99.4,-17.039999,0.93
87.55,133.05,0.032,99.4,-16.719999,0.93
87.6,132.9,0.209,99.6,-16.92,0.91
87.65,134.28,0.269,99.8,-17.56,0.82
87.7,134.16,0.073,99.8,-18.040001,0.8
87.75,135.54,0.08,99.5,-18.68,0.88
87.8,136.98,0.075,99.4,-19.339999,0.96
87.85,137.58,0.118,99.5,-19.7,1
87.9,138.3,0.053,99.4,-19.42,1.04
87.95,140.13,0.205,99.4,-19,1.09
88,141.24,0.224,99.4,-19.36,1.12
88.05,141.75,0.027,99.4,-19.82,1.14
88.1,143.34,0.09,99.4,-19.7,1.18
88.15,143.97,0.187,99.3,-21.5,1.22
88.2,145.08,0.441,99.4,-24.800001,1.27
88.25,146.82,0.425,99.4,-27.34,1.33
88.3,147.78,0.111,99.2,-30.199999,1.37
88.35,148.68,0.256,99.2,-29.76,1.41
88.4,149.7,0.215,99.2,-27.16,1.46
88.45,150.99,0.125,99.3,-26,1.52
88.5,151.5,0.023,99.2,-26.999999,1.56
88.55,152.73,0.005,99.3,-28.079999,1.59
88.6,153.9,0.089,99.4,-28.879999,1.63
88.65,154.59,0.215,99.2,-29.04,1.66
88.7,155.52,0.237,99.2,-29.02,1.69
88.75,157.02,0.286,99.2,-29.139999,1.72
88.8,157.26,0.212,99.4,-29.66,1.75
88.85,158.67,0.075,99.2,-29.819999,1.77
88.9,159.78,0.114,99.2,-29.419999,1.8
88.95,160.71,0.152,99.2,-29.24,1.82
89,161.04,0.277,99.2,-29.920001,1.83
89.05,162.21,0.354,99.2,-30.28,1.86
89.1,163.5,0.119,99.2,-29.979998,1.88
89.15,163.98,0.101,99.1,-29.999999,1.9
89.2,165,0.245,99,-30.34,1.91
89.25,165.99,0.259,99,-30.560001,1.93
89.3,166.38,0.256,99.2,-31.039999,1.95
89.35,167.34,0.136,99,-31.399998,1.97
89.4,168.78,0.008,99,-31.359999,1.99
89.45,169.26,0.067,99,-31.34,2.01
89.5,169.74,0.254,99,-31.359999,2.03
89.55,170.88,0.241,99,-31.34,2.05
89.6,171.48,0.14,99.2,-31.479999,2.04
89.65,171.58,0.273,99.3,-31.4,2.04
89.7,172.74,0.11,99.2,-30.779999,2.06
89.75,172.68,0.027,99.2,-29.66,2.09
89.8,173.34,0.16,99.2,-27.1,2.1
89.85,174.36,0.262,99.2,-24.139999,2.11
89.9,174.24,0.198,99.4,-24.3,2.1
89.95,174.27,0.212,99.2,-28.56,2.09
90,175.92,0.177,99.2,-31.859999,2.09
90.05,177.63,0.206,99.2,-29.359999,2.09
90.1,177.54,0.239,99.2,-27.46,2.08
90.15,177.78,0.167,99.2,-27.520001,2.08
90.2,179.34,0.177,99.2,-27.42,2.08
90.25,179.97,0.116,99.1,-26.919999,2.07
90.3,180,0.175,99.2,-26.719999,2.07
90.35,181.62,0.044,99.2,-26.319999,2.06
90.4,181.86,0.147,99.4,-25.74,2.06
90.45,181.8,0.266,99.3,-24.699999,2.05
90.5,183.12,0.165,99.2,-23.42,2.04
90.55,183.72,0.209,99.4,-23.54,2.03
90.6,184.02,0.169,99.4,-23.94,2.02
90.65,185.22,0.151,99.4,-24.040001,2.02
90.7,186.06,0.228,99.4,-24.14,2.01
90.75,186.33,0.2,99.5,-24.160001,2.01
90.8,187.56,0.053,99.4,-24.02,2
90.85,187.8,0.077,99.5,-23.94,1.99
90.9,188.04,0.101,99.4,-23.880001,1.98
90.95,189.6,0.291,99.4,-22.78,1.97
91,190.14,0.326,99.4,-21.24,1.95
91.05,189.81,0.213,99.3,-20.76,1.92
91.1,191.16,0.232,99.4,-20.439999,1.9
91.15,191.34,0.336,99.4,-20.66,1.88
91.2,191.52,0.314,99.2,-20.54,1.85
91.25,193.11,0.379,99.2,-19.479999,1.83
91.3,193.26,0.234,99.2,-19.099999,1.8
91.35,193.08,0.142,99.2,-18.5,1.76
91.4,194.88,0.301,99.4,-16.46,1.72
91.45,194.76,0.332,99.4,-15.740001,1.68
91.5,194.58,0.241,99.4,-15.24,1.66
91.55,195.33,0.324,99.4,-15.379999,1.64
91.6,195.54,0.076,99.4,-15.22,1.61
91.65,196.5,0.008,99.4,-14.64,1.56
91.7,196.56,0.087,99.4,-14.199999,1.51
91.75,197.58,0.26,99.4,-13.22,1.45
91.8,198.24,0.205,99.4,-11.4,1.38
91.85,198.96,0.186,99.3,-9.04,1.31
91.9,199.08,0.346,99.2,-6.9,1.23
91.95,200.1,0.188,99.4,-5.5,1.14
92,200.46,0.197,99.2,-4.18,1.06
92.05,201.27,0.131,99.3,-3.68,0.96
92.1,201.9,0.163,99.2,-2.4,0.86
92.15,202.26,0.434,99.2,-0.8,0.78
92.2,202.62,0.349,99.2,-0.2,0.69
92.25,203.13,0.087,99.2,-0.24,0.59
92.3,204.54,0.108,99.2,-0.26,0.53
92.35,204.3,0.188,99.3,-0.2,0.47
92.4,205.32,0.041,99.2,-0.28,0.42
92.45,206.04,0.101,99.3,-0.68,0.38
92.5,205.98,0.233,99.2,-0.74,0.33
92.55,207.12,0.177,99.4,0.44,0.32
92.6,208.14,0.158,99.2,1.32,0.32
92.65,208.08,0.167,99.2,1.2,0.28
92.7,209.28,0.083,99.2,1.24,0.3
92.75,209.52,0.061,99.2,1.34,0.32
92.8,209.58,0.131,99.2,1.48,0.28
92.85,210.57,0.245,99.2,1.52,0.29
92.9,211.32,0.211,99,1.32,0.32
92.95,211.62,0.122,99.1,0.96,0.32
93,212.22,0.075,99,0.6,0.3
93.05,213.12,0.186,99.1,0.56,0.31
93.1,213.66,0.33,99.2,0.5,0.3
93.15,213.84,0.202,99.1,0.5,0.28
93.2,214.8,0.08,99.2,0.42,0.29
93.25,215.31,0.197,99.2,0.22,0.28
93.3,215.46,0.151,99.2,0.1,0.27
93.35,216.24,0.035,99.1,0.06,0.26
93.4,216.72,0.019,99.2,0.04,0.26
93.45,216.96,0.024,99.2,0.1,0.27
93.5,217.98,0.096,99,0.1,0.28
93.55,218.61,0.254,99.2,0.02,0.26
93.6,218.88,0.167,99.2,-0.1,0.23
93.65,219.57,0.005,99,-0.06,0.26
93.7,220.2,0.077,99.2,-0.04,0.28
93.75,220.35,0.121,99.2,-0.02,0.26
93.8,221.58,0.099,99,0.1,0.27
93.85,221.49,0.126,99.2,0.14,0.28
93.9,221.88,0,99,0.16,0.26
93.95,222.81,0.07,99,0.06,0.28
94,222.78,0.145,99,-0.04,0.28
94.05,223.65,0.146,99,-0.02,0.19
94.1,224.44,0.155,99.2,0.26,0.08
94.15,223.92,0.041,99.2,0.62,0.09
94.2,224.16,0.075,99.2,0.8,0.19
94.25,224.76,0.124,99.2,0.68,0.24
94.3,225.48,0.172,99.2,0.5,0.26
94.35,225.75,0.222,99.2,0.3,0.24
94.4,226.26,0.088,99.2,0,0.23
94.45,226.77,0.23,99.2,-0.04,0.24
94.5,227.28,0.173,99.2,-0.02,0.23
94.55,227.61,0.147,99.2,0.1,0.22
94.6,228.18,0.196,99.2,0.1,0.22
94.65,228.51,0.113,99.2,0.1,0.23
94.7,229.08,0.191,99.2,0.14,0.23
94.75,229.65,0.183,99.2,0.12,0.23
94.8,229.98,0.058,99.2,0.08,0.22
